DATE,OPEN,HIGH,LOW,CLOSE,VOLUME
2007-06-22,45.0,38.0,34.25,35.06,113141446.0,
2007-06-25,35.74,35.77,31.9,32.44,35680505.0,
2007-06-26,32.28,32.49,30.32,30.75,29613933.0,
2007-06-27,30.4,30.75,29.13,29.92,18099989.0,
2007-06-28,29.61,30.98,29.54,29.69,8668400.0,
2007-06-29,30.0,30.2,28.75,29.27,7562000.0,
2007-07-02,29.27,29.74,29.08,29.27,3177100.0,
2007-07-03,29.5,29.88,29.42,29.72,2764550.0,
2007-07-04,nan,nan,nan,nan,nan,
2007-07-05,30.95,30.97,30.2,30.63,6951030.0,
2007-07-06,30.9,31.7,30.8,31.5,7653500.0,
2007-07-09,31.9,31.99,31.39,31.48,4304000.0,
2007-07-10,31.28,31.34,29.84,29.93,6391100.0,
2007-07-11,29.94,30.08,28.96,29.18,5986400.0,
2007-07-12,29.5,30.29,29.31,30.0,5144116.0,
2007-07-13,29.88,30.0,29.28,29.85,3319400.0,
2007-07-16,29.85,29.98,29.33,29.69,3109166.0,
2007-07-17,29.69,29.85,29.11,29.21,2666800.0,
2007-07-18,29.0,29.1,28.0,28.4,5161806.0,
2007-07-19,28.4,28.5,27.0,27.33,9902088.0,
2007-07-20,27.0,27.11,25.63,25.95,9619100.0,
2007-07-23,25.83,26.9,25.51,26.37,6372622.0,
2007-07-24,25.91,26.45,25.6,25.71,5615804.0,
2007-07-25,25.76,26.05,25.25,25.51,4739128.0,
2007-07-26,25.18,25.95,23.27,25.7,11184927.0,
2007-07-27,24.66,24.85,23.68,24.3,9253450.0,
2007-07-30,24.42,24.88,23.55,24.48,5231800.0,
2007-07-31,24.97,25.21,23.81,24.01,5088850.0,
2007-08-01,24.34,24.5,23.6,24.31,6489200.0,
2007-08-02,25.25,25.58,24.43,25.33,8277200.0,
2007-08-03,25.39,25.47,24.2,24.39,5323093.0,
2007-08-06,24.68,24.68,22.76,24.53,7315206.0,
2007-08-07,24.5,25.98,24.01,24.9,5855100.0,
2007-08-08,25.64,25.9,25.0,25.27,4776359.0,
2007-08-09,24.99,25.39,24.5,24.92,4346285.0,
2007-08-10,24.5,25.79,23.98,25.28,4782190.0,
2007-08-13,27.26,27.26,25.65,25.71,10931300.0,
2007-08-14,26.0,26.0,24.28,24.57,5376150.0,
2007-08-15,24.4,24.69,23.6,23.69,4758934.0,
2007-08-16,23.11,23.9,22.04,23.9,7714980.0,
2007-08-17,24.71,25.38,23.9,24.08,7715663.0,
2007-08-20,24.1,24.74,23.05,23.39,5682661.0,
2007-08-21,23.5,23.76,23.11,23.51,2325300.0,
2007-08-22,23.9,25.0,23.9,24.94,3957200.0,
2007-08-23,25.23,25.66,24.86,25.27,3318700.0,
2007-08-24,25.06,25.12,24.36,24.42,3023100.0,
2007-08-27,24.42,24.55,23.65,23.8,3046000.0,
2007-08-28,23.55,23.61,22.91,23.04,3581000.0,
2007-08-29,23.38,23.44,22.87,22.98,3491100.0,
2007-08-30,22.74,23.13,22.55,22.74,3920200.0,
2007-08-31,23.12,23.27,22.8,23.13,3050100.0,
2007-09-03,nan,nan,nan,nan,nan,
2007-09-04,23.09,23.3,23.03,23.11,3441800.0,
2007-09-05,23.0,23.0,21.95,21.98,8046900.0,
2007-09-06,22.01,22.39,21.97,22.16,4475400.0,
2007-09-07,21.69,21.89,21.3,21.54,5581000.0,
2007-09-10,21.75,22.0,21.32,21.88,2728100.0,
2007-09-11,22.34,23.0,22.2,22.89,5994865.0,
2007-09-12,22.79,23.5,22.62,23.26,3485400.0,
2007-09-13,23.49,23.74,23.31,23.41,2364304.0,
2007-09-14,23.37,24.0,22.8,23.92,2549246.0,
2007-09-17,23.7,24.35,23.55,23.65,2530200.0,
2007-09-18,23.83,24.6,23.31,24.55,5223100.0,
2007-09-19,24.73,26.0,24.57,25.66,9381600.0,
2007-09-20,25.66,26.79,25.6,25.95,6118485.0,
2007-09-21,26.48,26.5,25.01,25.32,4168300.0,
2007-09-24,25.39,25.44,24.46,24.53,3024994.0,
2007-09-25,24.42,24.67,24.0,24.39,3427300.0,
2007-09-26,24.75,25.05,24.31,24.89,5567800.0,
2007-09-27,25.0,25.35,24.58,25.11,4444600.0,
2007-09-28,24.9,25.44,24.86,25.08,2179600.0,
2007-10-01,24.72,25.74,24.7,25.58,2571800.0,
2007-10-02,25.77,26.4,25.35,26.08,3068950.0,
2007-10-03,26.0,27.65,25.98,27.17,5528115.0,
2007-10-04,27.25,28.0,27.25,27.58,3998300.0,
2007-10-05,28.05,29.1,27.86,29.08,5095100.0,
2007-10-08,29.49,29.75,28.21,28.22,5070100.0,
2007-10-09,28.61,28.64,28.02,28.45,3393400.0,
2007-10-10,28.63,28.67,28.01,28.66,2063200.0,
2007-10-11,29.0,29.38,28.08,28.35,3282000.0,
2007-10-12,28.11,28.27,27.7,27.75,1897700.0,
2007-10-15,27.75,28.0,26.95,27.09,1926922.0,
2007-10-16,26.74,26.75,25.53,26.05,4527400.0,
2007-10-17,26.49,26.68,25.82,26.42,3007200.0,
2007-10-18,26.34,26.5,25.96,26.5,1811200.0,
2007-10-19,26.33,26.43,25.5,25.51,2344900.0,
2007-10-22,25.5,26.25,25.0,26.06,1874800.0,
2007-10-23,26.2,26.5,26.08,26.36,1571900.0,
2007-10-24,26.3,26.48,25.78,26.23,1844000.0,
2007-10-25,26.34,26.49,25.29,25.58,2388100.0,
2007-10-26,25.74,26.09,25.36,25.59,2490200.0,
2007-10-29,25.75,25.89,25.25,25.5,3584600.0,
2007-10-30,25.5,25.75,25.23,25.29,2306500.0,
2007-10-31,25.4,25.5,24.65,25.43,3225500.0,
2007-11-01,25.0,25.3,24.65,24.87,3271500.0,
2007-11-02,25.0,25.02,23.89,24.09,4274900.0,
2007-11-05,23.56,24.3,23.56,23.94,2099936.0,
2007-11-06,24.0,24.36,23.41,23.67,2767763.0,
2007-11-07,23.64,23.65,23.05,23.16,1730845.0,
2007-11-08,23.06,24.5,23.06,24.1,4319841.0,
2007-11-09,24.08,25.19,23.45,24.28,3175444.0,
2007-11-12,21.8,23.09,21.55,22.26,9534567.0,
2007-11-13,22.25,23.22,22.25,22.8,3347943.0,
2007-11-14,23.43,23.43,22.2,22.34,4016125.0,
2007-11-15,22.3,23.2,22.3,23.12,3533659.0,
2007-11-16,23.12,23.28,22.51,23.07,2462129.0,
2007-11-19,22.81,23.05,22.0,22.16,3352565.0,
2007-11-20,22.42,22.57,21.3,21.51,3739800.0,
2007-11-21,21.29,21.3,20.4,21.02,4867864.0,
2007-11-22,nan,nan,nan,nan,nan,
2007-11-23,21.6,21.6,21.1,21.16,1110200.0,
2007-11-26,21.5,21.5,20.56,20.6,2496237.0,
2007-11-27,20.7,21.46,20.5,20.84,2060873.0,
2007-11-28,21.12,21.95,20.9,21.47,3028081.0,
2007-11-29,21.74,22.67,21.51,22.04,3599187.0,
2007-11-30,22.63,23.04,21.8,22.0,2378985.0,
2007-12-03,21.87,22.03,21.58,21.6,1030010.0,
2007-12-04,21.5,21.58,21.17,21.34,1228515.0,
2007-12-05,21.8,21.82,21.34,21.56,2041573.0,
2007-12-06,21.75,21.75,21.32,21.53,3770670.0,
2007-12-07,21.61,22.2,21.61,21.93,2982862.0,
2007-12-10,22.15,23.82,21.62,23.45,5604554.0,
2007-12-11,23.89,24.26,22.71,23.18,3985386.0,
2007-12-12,23.38,24.05,23.03,23.23,3234629.0,
2007-12-13,22.9,23.98,22.6,23.67,3022265.0,
2007-12-14,23.99,23.99,23.49,23.6,2253804.0,
2007-12-17,23.4,23.6,22.93,23.17,1875576.0,
2007-12-18,23.38,23.5,22.69,23.34,2263282.0,
2007-12-19,23.19,23.6,23.1,23.51,1452132.0,
2007-12-20,23.95,23.95,23.25,23.57,1830775.0,
2007-12-21,23.52,23.87,23.27,23.78,1778875.0,
2007-12-24,23.47,23.85,23.23,23.25,866121.0,
2007-12-25,nan,nan,nan,nan,nan,
2007-12-26,23.23,23.44,23.11,23.24,1343872.0,
2007-12-27,23.01,23.2,22.66,22.98,1511972.0,
2007-12-28,23.18,23.18,21.79,21.94,3196806.0,
2007-12-31,21.85,22.45,21.5,22.13,2370087.0,
2008-01-01,nan,nan,nan,nan,nan,
2008-01-02,22.37,22.59,21.35,21.74,2164647.0,
2008-01-03,21.61,21.69,21.15,21.24,2039323.0,
2008-01-04,21.14,21.2,20.02,20.3,2627575.0,
2008-01-07,20.3,20.41,19.1,19.42,3732718.0,
2008-01-08,19.88,19.88,17.91,18.0,3648037.0,
2008-01-09,18.23,18.23,17.3,18.1,3422079.0,
2008-01-10,18.36,20.41,18.1,19.84,7933375.0,
2008-01-11,20.22,21.31,20.0,20.06,8055272.0,
2008-01-14,20.82,20.97,20.0,20.39,2745709.0,
2008-01-15,20.1,20.22,19.54,19.7,2730881.0,
2008-01-16,19.31,19.75,18.77,19.1,3815158.0,
2008-01-17,19.09,19.86,18.18,18.37,5504481.0,
2008-01-18,19.09,19.09,18.28,18.67,3797987.0,
2008-01-21,nan,nan,nan,nan,nan,
2008-01-22,17.72,19.55,17.25,18.77,5390973.0,
2008-01-23,18.5,21.35,18.22,20.57,6897720.0,
2008-01-24,20.5,21.82,20.07,20.97,4860750.0,
2008-01-25,21.19,21.24,19.24,19.36,5273407.0,
2008-01-28,19.49,19.77,19.05,19.15,2776181.0,
2008-01-29,19.21,19.66,18.8,18.99,2807261.0,
2008-01-30,19.0,19.5,18.4,18.65,3910089.0,
2008-01-31,18.77,18.77,17.9,18.35,6529619.0,
2008-02-01,18.7,18.8,18.08,18.72,5118347.0,
2008-02-04,18.62,18.99,18.41,18.83,2044561.0,
2008-02-05,18.61,18.7,18.15,18.22,3118205.0,
2008-02-06,18.25,18.42,17.66,17.82,2341576.0,
2008-02-07,17.65,18.0,17.5,17.68,3171267.0,
2008-02-08,17.83,17.97,17.5,17.51,2133178.0,
2008-02-11,17.69,17.89,17.35,17.78,2083136.0,
2008-02-12,17.95,18.44,17.54,17.59,4070890.0,
2008-02-13,17.82,17.85,17.31,17.63,2489581.0,
2008-02-14,17.6,17.61,16.63,16.83,4914472.0,
2008-02-15,16.84,17.0,16.5,16.57,2909630.0,
2008-02-18,nan,nan,nan,nan,nan,
2008-02-19,16.85,16.85,16.01,16.13,4258993.0,
2008-02-20,16.05,16.27,15.7,16.23,4588197.0,
2008-02-21,16.3,16.4,15.82,15.93,2749339.0,
2008-02-22,16.06,16.06,15.25,15.72,4232307.0,
2008-02-25,15.69,16.2,15.41,15.95,4017298.0,
2008-02-26,15.92,17.77,15.92,17.0,6879336.0,
2008-02-27,17.18,17.59,16.6,17.2,3807787.0,
2008-02-28,17.2,17.48,17.01,17.06,2575584.0,
2008-02-29,17.0,17.35,16.25,16.5,3959077.0,
2008-03-03,16.33,16.55,16.02,16.24,2280449.0,
2008-03-04,16.08,16.3,15.27,15.79,5194397.0,
2008-03-05,15.97,16.05,15.49,15.87,2376573.0,
2008-03-06,15.53,15.7,14.95,15.05,5086120.0,
2008-03-07,14.9,15.05,14.16,14.58,7170309.0,
2008-03-10,14.39,15.1,13.82,15.0,8761182.0,
2008-03-11,15.9,16.34,15.15,16.19,8135542.0,
2008-03-12,16.11,16.95,15.8,16.47,4253862.0,
2008-03-13,16.01,16.85,15.52,16.75,3738220.0,
2008-03-14,16.78,16.95,15.33,15.78,4014791.0,
2008-03-17,14.9,15.15,13.4,14.55,8871506.0,
2008-03-18,14.8,16.0,14.23,15.21,7270343.0,
2008-03-19,15.0,15.4,14.44,14.62,3669143.0,
2008-03-20,14.6,15.49,14.39,15.45,3609790.0,
2008-03-21,nan,nan,nan,nan,nan,
2008-03-24,15.78,15.95,15.45,15.7,3171886.0,
2008-03-25,15.86,16.58,15.64,16.27,3653770.0,
2008-03-26,16.2,16.4,15.97,16.16,3052122.0,
2008-03-27,16.14,16.28,15.27,15.34,2819780.0,
2008-03-28,15.55,15.93,15.02,15.35,2081400.0,
2008-03-31,15.53,15.96,15.4,15.88,2801735.0,
2008-04-01,16.1,17.42,15.91,17.19,5344064.0,
2008-04-02,17.2,17.92,16.95,17.68,5057061.0,
2008-04-03,17.67,18.0,17.4,17.77,2658812.0,
2008-04-04,17.74,18.77,17.74,18.64,4000713.0,
2008-04-07,18.94,19.33,18.59,19.09,3689593.0,
2008-04-08,18.99,18.99,18.4,18.59,2360579.0,
2008-04-09,18.65,19.15,18.11,18.56,2368808.0,
2008-04-10,18.43,18.58,18.16,18.26,1550202.0,
2008-04-11,18.2,18.2,17.56,17.76,2095865.0,
2008-04-14,17.75,17.75,17.09,17.19,1904288.0,
2008-04-15,17.2,17.52,17.15,17.33,1485578.0,
2008-04-16,17.85,17.95,17.46,17.66,2352239.0,
2008-04-17,17.74,19.0,17.44,18.63,3605713.0,
2008-04-18,19.15,19.4,18.79,19.02,3208142.0,
2008-04-21,18.89,19.2,18.38,18.7,1210077.0,
2008-04-22,18.7,19.0,18.5,18.62,1320990.0,
2008-04-23,18.41,18.82,18.22,18.35,1143976.0,
2008-04-24,18.19,19.0,18.11,18.55,1301733.0,
2008-04-25,18.75,19.2,18.75,19.2,1791458.0,
2008-04-28,19.2,19.77,18.77,18.95,2296249.0,
2008-04-29,18.81,19.07,18.62,18.81,1206696.0,
2008-04-30,18.62,18.92,18.3,18.67,1641591.0,
2008-05-01,18.51,19.61,18.51,19.51,1844318.0,
2008-05-02,19.86,20.42,19.86,20.22,3504871.0,
2008-05-05,20.03,20.12,19.5,19.71,1724830.0,
2008-05-06,19.68,19.68,19.25,19.47,1519185.0,
2008-05-07,19.85,19.85,19.16,19.34,863860.0,
2008-05-08,19.3,19.45,18.62,19.02,1258933.0,
2008-05-09,18.81,18.98,18.53,18.8,894765.0,
2008-05-12,18.82,19.09,18.55,18.97,1116005.0,
2008-05-13,18.8,19.25,18.8,19.05,849255.0,
2008-05-14,19.2,19.9,19.09,19.5,2563535.0,
2008-05-15,18.73,20.98,18.71,20.54,6469847.0,
2008-05-16,20.79,20.91,19.83,20.11,2919322.0,
2008-05-19,20.14,20.45,19.83,20.23,1733554.0,
2008-05-20,20.1,20.38,19.63,20.27,1409872.0,
2008-05-21,20.29,20.29,19.27,19.33,1938831.0,
2008-05-22,19.26,19.41,18.9,19.16,1692180.0,
2008-05-23,19.2,19.2,18.43,18.54,1907889.0,
2008-05-26,nan,nan,nan,nan,nan,
2008-05-27,18.59,19.03,18.54,18.91,1213475.0,
2008-05-28,18.79,18.98,18.51,18.66,1237003.0,
2008-05-29,18.64,19.31,18.64,19.05,1162250.0,
2008-05-30,19.02,19.66,19.02,19.47,1150828.0,
2008-06-02,19.42,19.48,19.1,19.43,1349080.0,
2008-06-03,19.6,19.6,19.04,19.31,1149670.0,
2008-06-04,19.11,19.23,18.8,19.09,1296504.0,
2008-06-05,18.98,19.45,18.95,18.95,1014750.0,
2008-06-06,18.89,18.94,18.37,18.46,1554572.0,
2008-06-09,18.48,18.57,17.72,18.08,1477377.0,
2008-06-10,17.85,18.07,17.54,17.92,1330682.0,
2008-06-11,17.83,17.95,16.94,16.94,2290167.0,
2008-06-12,17.05,17.65,16.77,17.1,1618190.0,
2008-06-13,17.11,18.0,17.1,17.88,1917475.0,
2008-06-16,17.87,18.36,17.87,18.15,1419709.0,
2008-06-17,18.37,18.66,17.8,18.0,1567461.0,
2008-06-18,18.01,18.02,17.68,18.02,1373184.0,
2008-06-19,18.19,18.45,17.9,18.4,1306786.0,
2008-06-20,18.3,18.57,17.99,18.18,2370681.0,
2008-06-23,18.21,18.43,17.98,18.25,1976233.0,
2008-06-24,18.0,18.8,17.75,18.38,2455000.0,
2008-06-25,18.35,19.19,18.22,19.01,2372042.0,
2008-06-26,18.95,18.95,18.5,18.71,1985066.0,
2008-06-27,18.51,18.79,18.4,18.73,3073961.0,
2008-06-30,18.49,18.68,17.9,18.21,2836697.0,
2008-07-01,18.1,18.2,17.15,17.56,4580791.0,
2008-07-02,17.5,17.83,17.23,17.32,1220613.0,
2008-07-03,17.57,17.57,17.12,17.23,913040.0,
2008-07-04,nan,nan,nan,nan,nan,
2008-07-07,17.25,17.49,16.66,16.77,2544184.0,
2008-07-08,16.63,17.4,16.5,17.2,2807263.0,
2008-07-09,17.1,17.46,16.5,16.65,1757701.0,
2008-07-10,16.68,16.81,16.15,16.44,3195393.0,
2008-07-11,16.18,16.5,15.26,15.64,4383386.0,
2008-07-14,15.76,16.28,14.56,14.81,2981966.0,
2008-07-15,14.11,15.13,14.02,14.63,3421397.0,
2008-07-16,14.98,17.13,14.48,16.43,3508156.0,
2008-07-17,16.74,17.39,16.5,17.02,2938268.0,
2008-07-18,17.1,17.4,16.55,17.29,2137641.0,
2008-07-21,17.25,17.58,16.94,17.1,1514948.0,
2008-07-22,16.76,17.26,16.5,17.26,1680085.0,
2008-07-23,17.46,17.94,17.15,17.8,1530730.0,
2008-07-24,17.67,17.73,16.63,16.86,1539499.0,
2008-07-25,16.97,17.17,16.5,17.01,948105.0,
2008-07-28,16.8,17.21,16.73,16.75,1119977.0,
2008-07-29,16.94,17.73,16.88,17.6,1109225.0,
2008-07-30,17.75,18.25,17.46,17.77,1534949.0,
2008-07-31,17.37,18.75,17.32,18.57,1627948.0,
2008-08-01,18.46,18.48,17.95,18.37,858383.0,
2008-08-04,17.88,18.4,17.56,17.93,1257802.0,
2008-08-05,18.25,18.43,17.53,18.16,1378242.0,
2008-08-06,17.9,19.19,17.77,18.75,2108001.0,
2008-08-07,18.6,18.75,17.85,18.44,1353708.0,
2008-08-08,18.44,18.99,18.08,18.56,1404441.0,
2008-08-11,18.63,19.49,18.3,18.83,1625536.0,
2008-08-12,18.92,18.92,18.12,18.33,1218602.0,
2008-08-13,18.08,18.21,17.59,17.88,1085701.0,
2008-08-14,17.66,18.04,17.54,17.73,740908.0,
2008-08-15,17.78,17.89,17.4,17.59,1008707.0,
2008-08-18,17.88,17.88,17.0,17.17,1201439.0,
2008-08-19,16.92,17.42,16.41,16.94,1801315.0,
2008-08-20,16.83,16.88,16.49,16.81,1145557.0,
2008-08-21,16.52,17.22,16.52,16.92,1004587.0,
2008-08-22,17.09,17.43,17.01,17.36,690889.0,
2008-08-25,17.23,17.51,16.96,17.25,965154.0,
2008-08-26,17.33,17.46,17.02,17.22,808319.0,
2008-08-27,17.06,17.23,16.9,17.08,822845.0,
2008-08-28,16.86,17.97,16.84,17.62,1731869.0,
2008-08-29,17.59,18.0,17.44,17.88,1118347.0,
2008-09-01,nan,nan,nan,nan,nan,
2008-09-02,17.96,18.2,17.09,17.49,1701907.0,
2008-09-03,17.48,17.5,17.02,17.16,1693313.0,
2008-09-04,17.1,17.13,16.48,16.74,1317966.0,
2008-09-05,16.56,16.7,16.08,16.43,1650899.0,
2008-09-08,17.0,17.25,16.4,16.8,1736322.0,
2008-09-09,16.8,16.89,15.09,16.03,2470134.0,
2008-09-10,16.01,16.55,15.63,16.12,2364627.0,
2008-09-11,15.66,16.0,15.25,15.96,2136426.0,
2008-09-12,15.28,16.21,15.25,15.91,1339801.0,
2008-09-15,14.99,16.6,14.95,16.44,3414131.0,
2008-09-16,16.0,16.79,15.6,16.57,3450781.0,
2008-09-17,16.8,16.93,14.89,15.0,2536325.0,
2008-09-18,14.96,17.27,14.0,17.02,5064476.0,
2008-09-19,18.75,19.5,16.66,17.72,5372278.0,
2008-09-22,17.62,17.67,16.24,16.24,1238302.0,
2008-09-23,16.25,17.25,16.04,16.48,1914635.0,
2008-09-24,17.69,17.69,16.5,16.82,1296638.0,
2008-09-25,16.76,17.3,16.3,16.6,1948585.0,
2008-09-26,16.01,17.0,15.98,16.81,1190955.0,
2008-09-29,16.78,16.78,14.42,15.7,2039785.0,
2008-09-30,15.39,15.75,14.9,15.34,1998632.0,
2008-10-01,15.34,15.5,14.99,15.02,987338.0,
2008-10-02,14.85,15.11,14.5,14.6,1164898.0,
2008-10-03,14.81,15.95,14.79,15.34,1650008.0,
2008-10-06,14.56,14.97,13.5,13.7,2626746.0,
2008-10-07,13.9,14.18,12.5,13.39,1997351.0,
2008-10-08,12.66,12.9,11.22,12.7,3088323.0,
2008-10-09,12.88,12.88,8.33,8.71,6603396.0,
2008-10-10,8.02,8.71,6.88,7.99,5878842.0,
2008-10-13,9.11,9.96,8.1,9.67,5992102.0,
2008-10-14,10.83,11.7,9.77,10.87,7112219.0,
2008-10-15,10.14,10.34,8.54,9.2,3198692.0,
2008-10-16,9.46,9.6,8.67,9.36,3540699.0,
2008-10-17,9.59,10.97,9.0,10.88,3741426.0,
2008-10-20,11.17,11.34,10.28,10.36,2224663.0,
2008-10-21,10.36,10.4,8.93,9.0,3422568.0,
2008-10-22,8.85,9.18,8.51,8.9,1704986.0,
2008-10-23,9.0,9.02,8.36,8.5,2083187.0,
2008-10-24,7.26,8.16,7.07,7.89,2749518.0,
2008-10-27,7.42,7.87,6.89,7.0,2217573.0,
2008-10-28,7.2,7.5,6.88,7.45,2884546.0,
2008-10-29,7.5,9.45,7.4,9.08,3779203.0,
2008-10-30,9.23,9.85,8.5,8.91,2627889.0,
2008-10-31,8.38,9.14,8.38,9.14,1902903.0,
2008-11-03,9.17,9.17,8.5,8.61,1473164.0,
2008-11-04,9.03,9.19,8.7,9.03,1637844.0,
2008-11-05,9.03,9.03,8.5,8.6,1917520.0,
2008-11-06,7.99,8.19,7.23,7.55,5025985.0,
2008-11-07,7.62,7.98,7.5,7.51,1893661.0,
2008-11-10,7.6,7.75,7.46,7.57,1269906.0,
2008-11-11,7.28,7.53,7.0,7.31,2617061.0,
2008-11-12,7.04,7.35,6.9,7.01,2536924.0,
2008-11-13,6.98,7.25,6.13,7.22,2701666.0,
2008-11-14,7.18,7.34,6.35,6.5,1427272.0,
2008-11-17,6.54,6.63,6.15,6.34,1296785.0,
2008-11-18,6.28,6.62,6.1,6.49,1711864.0,
2008-11-19,6.28,6.35,5.75,5.95,2418385.0,
2008-11-20,5.74,5.74,5.07,5.1,3651560.0,
2008-11-21,5.41,5.45,4.15,4.65,2591720.0,
2008-11-24,4.9,6.47,4.66,6.43,2833310.0,
2008-11-25,6.25,6.29,5.58,6.14,1701380.0,
2008-11-26,5.63,6.3,5.61,6.29,1318768.0,
2008-11-27,nan,nan,nan,6.29,0.0,
2008-11-28,6.32,6.33,5.7,6.26,738691.0,
2008-12-01,6.0,6.07,5.5,5.56,952727.0,
2008-12-02,5.6,5.83,5.18,5.34,1814508.0,
2008-12-03,5.34,6.28,5.18,6.04,1910575.0,
2008-12-04,5.83,6.12,5.57,5.73,1133383.0,
2008-12-05,5.68,6.3,5.5,6.27,1308059.0,
2008-12-08,6.46,7.0,6.32,6.89,1818290.0,
2008-12-09,6.42,7.34,6.26,7.01,1799077.0,
2008-12-10,7.16,7.28,6.56,6.59,1700623.0,
2008-12-11,6.59,6.59,6.3,6.43,1316187.0,
2008-12-12,6.01,6.7,6.0,6.19,819220.0,
2008-12-15,6.08,6.64,6.01,6.24,1086669.0,
2008-12-16,6.19,6.49,6.0,6.08,1670731.0,
2008-12-17,6.08,6.13,5.79,5.9,1258401.0,
2008-12-18,5.98,6.13,5.69,5.78,866551.0,
2008-12-19,5.8,5.95,5.61,5.93,860923.0,
2008-12-22,5.81,6.0,5.64,5.89,1290356.0,
2008-12-23,5.8,6.07,5.72,5.98,1150101.0,
2008-12-24,5.85,6.0,5.63,5.75,978555.0,
2008-12-25,nan,nan,nan,5.75,0.0,
2008-12-26,5.92,6.0,5.75,5.94,579900.0,
2008-12-29,5.95,6.52,5.91,6.46,1447898.0,
2008-12-30,6.5,6.52,6.2,6.26,1232191.0,
2008-12-31,6.25,6.75,6.24,6.53,1200476.0,
2009-01-01,nan,nan,nan,6.53,0.0,
2009-01-02,6.59,7.14,6.5,7.14,1466514.0,
2009-01-05,7.14,7.83,6.91,7.5,1907380.0,
2009-01-06,7.72,8.16,7.6,8.1,1213844.0,
2009-01-07,8.0,8.0,7.27,7.41,1796775.0,
2009-01-08,7.37,7.59,7.21,7.5,892854.0,
2009-01-09,7.62,7.65,7.26,7.28,581073.0,
2009-01-12,7.26,7.28,6.3,6.44,1860848.0,
2009-01-13,6.25,6.42,6.05,6.12,1626024.0,
2009-01-14,5.93,5.93,5.5,5.67,1935788.0,
2009-01-15,5.67,5.68,5.18,5.34,2372490.0,
2009-01-16,5.77,5.77,5.14,5.2,1820462.0,
2009-01-19,nan,nan,nan,nan,nan,
2009-01-20,5.19,5.19,4.4,4.62,3507489.0,
2009-01-21,5.03,5.03,4.29,4.4,3171831.0,
2009-01-22,4.58,4.58,4.16,4.2,2810582.0,
2009-01-23,4.21,4.52,4.05,4.51,2723004.0,
2009-01-26,4.48,4.81,4.48,4.56,1508169.0,
2009-01-27,4.66,4.73,4.4,4.47,910712.0,
2009-01-28,4.88,5.1,4.76,5.1,2985285.0,
2009-01-29,4.93,5.09,4.5,4.5,2142908.0,
2009-01-30,4.59,4.69,4.3,4.51,3501161.0,
2009-02-02,4.43,4.43,4.09,4.29,2165867.0,
2009-02-03,4.24,4.54,4.18,4.43,1679094.0,
2009-02-04,4.47,4.87,4.4,4.8,2237376.0,
2009-02-05,4.61,4.97,4.51,4.8,1536611.0,
2009-02-06,4.9,5.51,4.85,5.37,2521162.0,
2009-02-09,5.46,5.46,4.92,4.94,2097400.0,
2009-02-10,5.02,5.02,4.36,4.45,2458964.0,
2009-02-11,4.54,4.71,4.25,4.61,3204336.0,
2009-02-12,4.6,5.08,4.46,4.88,2141451.0,
2009-02-13,4.88,5.25,4.78,5.03,1444073.0,
2009-02-16,nan,nan,nan,nan,nan,
2009-02-17,4.74,4.84,4.5,4.55,1343453.0,
2009-02-18,4.64,4.75,4.21,4.23,1983200.0,
2009-02-19,4.25,4.53,4.05,4.05,2418392.0,
2009-02-20,4.03,4.26,3.9,3.96,2514043.0,
2009-02-23,4.19,4.19,3.85,3.89,1750390.0,
2009-02-24,3.9,4.33,3.75,4.29,1805241.0,
2009-02-25,4.26,4.36,4.02,4.12,1096224.0,
2009-02-26,4.2,4.35,3.83,3.87,1327592.0,
2009-02-27,3.75,4.88,3.55,4.87,4506038.0,
2009-03-02,4.55,4.92,4.32,4.77,2677176.0,
2009-03-03,4.9,6.25,4.61,5.69,6571140.0,
2009-03-04,6.2,6.5,5.81,6.13,7111646.0,
2009-03-05,5.9,6.21,5.4,5.44,4538481.0,
2009-03-06,5.49,6.1,5.4,5.93,4384789.0,
2009-03-09,5.89,6.12,5.6,5.61,2715267.0,
2009-03-10,5.88,6.15,5.56,5.98,3647658.0,
2009-03-11,6.05,6.3,5.83,6.1,2569474.0,
2009-03-12,6.05,6.18,5.76,6.1,2123175.0,
2009-03-13,6.11,6.19,5.81,5.96,1984301.0,
2009-03-16,6.08,6.5,5.98,6.06,2768618.0,
2009-03-17,6.03,6.15,5.61,5.97,1960829.0,
2009-03-18,5.94,6.2,5.76,6.07,2313993.0,
2009-03-19,6.19,6.9,6.12,6.5,2790601.0,
2009-03-20,6.6,6.72,6.13,6.3,1800515.0,
2009-03-23,6.81,8.54,6.75,7.81,10184431.0,
2009-03-24,8.14,9.19,8.05,8.22,10699129.0,
2009-03-25,8.71,8.82,7.45,7.79,8905299.0,
2009-03-26,8.11,8.22,7.45,7.9,5092172.0,
2009-03-27,7.51,7.88,7.45,7.75,2234044.0,
2009-03-30,7.21,7.3,6.7,6.84,5446530.0,
2009-03-31,6.95,7.45,6.95,7.25,3465922.0,
2009-04-01,7.11,7.55,6.89,7.33,2689732.0,
2009-04-02,7.85,8.2,7.67,7.83,5185190.0,
2009-04-03,7.81,8.16,7.53,8.07,2382294.0,
2009-04-06,7.76,7.89,7.62,7.79,1186633.0,
2009-04-07,7.57,7.57,7.13,7.24,2128720.0,
2009-04-08,7.25,7.4,7.01,7.27,1851999.0,
2009-04-09,7.75,8.15,7.6,7.63,3415081.0,
2009-04-10,nan,nan,nan,7.63,0.0,
2009-04-13,7.65,7.88,7.36,7.8,2565409.0,
2009-04-14,7.85,8.7,7.68,8.37,5458879.0,
2009-04-15,8.16,9.0,8.07,8.86,3504951.0,
2009-04-16,9.0,9.18,8.5,8.9,3054948.0,
2009-04-17,8.97,9.06,8.55,8.67,2154058.0,
2009-04-20,8.39,8.53,7.52,7.55,3427073.0,
2009-04-21,7.42,7.8,7.11,7.65,3469329.0,
2009-04-22,7.41,8.08,7.41,7.88,2614409.0,
2009-04-23,7.96,8.51,7.82,8.31,2586104.0,
2009-04-24,8.35,8.97,8.12,8.75,4123647.0,
2009-04-27,8.55,8.55,8.19,8.25,2059717.0,
2009-04-28,8.03,8.39,8.01,8.3,1961703.0,
2009-04-29,8.31,9.0,8.31,8.92,2678094.0,
2009-04-30,9.19,10.0,9.18,9.79,6068613.0,
2009-05-01,9.71,11.5,9.62,11.28,8093813.0,
2009-05-04,11.69,11.91,11.19,11.9,5279072.0,
2009-05-05,11.87,12.28,11.4,12.16,4587925.0,
2009-05-06,12.88,14.44,12.77,13.16,16438988.0,
2009-05-07,13.78,14.2,12.45,12.49,9051400.0,
2009-05-08,12.81,14.1,12.81,13.84,4462899.0,
2009-05-11,13.35,13.65,12.5,12.64,3833110.0,
2009-05-12,12.83,13.12,12.52,12.67,2738235.0,
2009-05-13,12.21,12.39,11.5,11.63,3721366.0,
2009-05-14,11.4,11.97,11.0,11.59,2555632.0,
2009-05-15,11.41,11.84,11.39,11.52,1914286.0,
2009-05-18,11.82,12.36,11.7,12.16,3197610.0,
2009-05-19,12.29,12.35,11.51,11.57,2676328.0,
2009-05-20,11.79,12.19,11.07,11.2,2801083.0,
2009-05-21,11.01,11.33,10.63,10.78,2862503.0,
2009-05-22,11.09,11.26,10.9,11.2,1590572.0,
2009-05-25,nan,nan,nan,11.2,0.0,
2009-05-26,10.92,11.69,10.92,11.45,3056571.0,
2009-05-27,11.41,11.6,10.95,11.13,3880200.0,
2009-05-28,11.24,11.34,11.0,11.21,5754819.0,
2009-05-29,11.26,11.4,10.78,10.95,2246417.0,
2009-06-01,11.19,11.34,10.77,11.03,3580742.0,
2009-06-02,10.97,11.19,10.5,10.8,2680228.0,
2009-06-03,10.81,11.0,10.43,10.46,2094586.0,
2009-06-04,10.47,10.88,10.42,10.77,1645972.0,
2009-06-05,10.97,11.05,10.53,10.92,2339152.0,
2009-06-08,11.24,11.39,10.95,11.08,6526374.0,
2009-06-09,11.28,11.32,10.73,11.0,2324886.0,
2009-06-10,11.24,11.24,10.81,10.95,1513461.0,
2009-06-11,10.98,12.0,10.98,11.74,5391005.0,
2009-06-12,11.82,11.95,11.47,11.61,2381817.0,
2009-06-15,11.5,11.5,11.1,11.33,1630856.0,
2009-06-16,11.36,11.55,11.09,11.17,1712127.0,
2009-06-17,11.16,11.21,10.71,10.99,1591826.0,
2009-06-18,11.0,11.2,10.93,11.15,1065998.0,
2009-06-19,11.21,12.08,11.21,11.92,2948277.0,
2009-06-22,11.77,11.8,11.2,11.38,1848295.0,
2009-06-23,11.44,11.44,10.72,11.04,2404457.0,
2009-06-24,11.17,11.45,11.11,11.2,1293292.0,
2009-06-25,11.15,11.48,10.88,11.08,1913058.0,
2009-06-26,10.99,11.32,10.83,10.88,1692244.0,
2009-06-29,10.98,11.16,10.81,10.85,1143040.0,
2009-06-30,10.86,11.03,10.53,10.54,1430417.0,
2009-07-01,10.72,10.87,10.63,10.81,1101088.0,
2009-07-02,10.66,11.0,10.66,10.72,1424105.0,
2009-07-03,nan,nan,nan,10.72,0.0,
2009-07-06,10.71,10.82,10.05,10.18,2034801.0,
2009-07-07,10.2,10.33,9.54,9.61,2250431.0,
2009-07-08,9.63,9.63,8.54,8.6,5219681.0,
2009-07-09,8.75,8.89,8.63,8.68,2492795.0,
2009-07-10,8.68,8.86,8.63,8.73,2096367.0,
2009-07-13,8.79,9.19,8.78,9.13,3086948.0,
2009-07-14,9.27,9.6,9.2,9.48,2102621.0,
2009-07-15,9.75,10.2,9.71,9.97,2101203.0,
2009-07-16,9.99,10.69,9.9,10.58,2158834.0,
2009-07-17,10.44,10.57,10.06,10.39,1841621.0,
2009-07-20,10.53,10.71,10.38,10.64,1310057.0,
2009-07-21,10.59,10.8,10.44,10.48,1379181.0,
2009-07-22,10.41,11.04,10.22,10.86,1690604.0,
2009-07-23,10.91,11.94,10.9,11.6,3530779.0,
2009-07-24,11.48,11.65,11.17,11.58,1194858.0,
2009-07-27,11.64,11.85,11.3,11.7,1062295.0,
2009-07-28,11.46,11.65,11.24,11.53,1191457.0,
2009-07-29,11.53,11.53,10.93,10.96,2277354.0,
2009-07-30,11.15,11.69,11.07,11.42,1944976.0,
2009-07-31,11.51,11.67,11.23,11.26,1497256.0,
2009-08-03,11.54,13.67,11.4,13.64,7612706.0,
2009-08-04,13.38,13.44,12.75,12.93,4998608.0,
2009-08-05,13.19,15.0,13.1,14.96,11010933.0,
2009-08-06,15.31,15.38,12.75,14.0,7215075.0,
2009-08-07,14.5,14.7,14.0,14.29,3827929.0,
2009-08-10,14.56,15.06,14.35,14.9,4658782.0,
2009-08-11,14.72,14.89,14.34,14.46,2867510.0,
2009-08-12,14.37,14.7,14.1,14.58,2930898.0,
2009-08-13,14.87,14.87,14.2,14.41,3187420.0,
2009-08-14,14.3,14.43,13.93,14.05,2814147.0,
2009-08-17,13.46,13.87,12.88,13.02,3835304.0,
2009-08-18,13.35,13.53,13.2,13.21,2324863.0,
2009-08-19,12.95,13.32,12.89,13.16,2589820.0,
2009-08-20,13.3,13.61,13.24,13.45,3404069.0,
2009-08-21,13.58,13.75,13.4,13.6,3349090.0,
2009-08-24,13.95,13.96,12.91,13.07,5451582.0,
2009-08-25,13.26,13.3,12.86,12.87,4911278.0,
2009-08-26,12.96,13.25,12.85,13.1,3275213.0,
2009-08-27,12.99,13.15,12.7,13.06,3167510.0,
2009-08-28,13.23,13.23,12.91,13.1,2636233.0,
2009-08-31,12.99,12.99,12.72,12.89,2181646.0,
2009-09-01,12.75,12.94,12.04,12.25,4292233.0,
2009-09-02,12.24,12.34,12.01,12.03,2593488.0,
2009-09-03,12.25,12.27,12.06,12.19,1812503.0,
2009-09-04,12.27,12.4,12.06,12.28,1954378.0,
2009-09-07,nan,nan,nan,nan,nan,
2009-09-08,12.62,12.76,12.46,12.68,3149756.0,
2009-09-09,12.91,13.22,12.78,12.98,3876493.0,
2009-09-10,13.8,13.85,13.43,13.5,6508879.0,
2009-09-11,13.73,13.88,13.46,13.57,4468982.0,
2009-09-14,13.37,14.07,13.31,13.94,5945447.0,
2009-09-15,14.04,14.05,13.82,13.99,7029966.0,
2009-09-16,14.26,15.0,13.99,14.68,9027546.0,
2009-09-17,14.58,15.18,14.5,15.05,11474048.0,
2009-09-18,15.08,15.3,14.97,15.0,5389567.0,
2009-09-21,14.8,14.85,14.37,14.45,3588737.0,
2009-09-22,14.89,14.89,14.58,14.66,3835219.0,
2009-09-23,14.76,14.9,14.5,14.53,3480856.0,
2009-09-24,14.54,14.63,13.83,14.0,4285436.0,
2009-09-25,13.82,14.12,13.59,13.79,2578558.0,
2009-09-28,13.84,14.25,13.78,14.11,2686088.0,
2009-09-29,14.11,14.38,13.95,14.05,2502992.0,
2009-09-30,14.12,14.33,13.98,14.2,2915443.0,
2009-10-01,14.19,14.29,13.75,13.81,2834881.0,
2009-10-02,13.55,13.81,13.31,13.45,3468997.0,
2009-10-05,13.32,13.84,13.28,13.68,2825134.0,
2009-10-06,14.32,14.76,14.19,14.53,4549958.0,
2009-10-07,14.61,14.75,14.35,14.61,2003259.0,
2009-10-08,14.85,14.91,14.66,14.89,2685759.0,
2009-10-09,14.89,14.98,14.7,14.85,2117059.0,
2009-10-12,15.5,16.18,15.5,16.08,9470248.0,
2009-10-13,16.24,16.26,15.82,15.9,4070108.0,
2009-10-14,16.29,17.22,16.17,17.11,9895538.0,
2009-10-15,17.09,17.09,16.6,16.73,4347897.0,
2009-10-16,16.45,16.59,16.0,16.24,3545507.0,
2009-10-19,16.4,16.5,15.85,15.87,4136579.0,
2009-10-20,16.0,16.3,15.67,15.87,3537529.0,
2009-10-21,15.88,16.2,15.52,15.6,1985130.0,
2009-10-22,15.57,16.09,15.25,16.09,2858780.0,
2009-10-23,16.23,16.45,15.75,15.82,1951652.0,
2009-10-26,15.94,16.0,15.02,15.1,3307686.0,
2009-10-27,15.15,15.15,14.33,14.39,4338556.0,
2009-10-28,14.31,14.42,12.71,12.9,9195730.0,
2009-10-29,13.41,14.19,13.41,13.87,4671104.0,
2009-10-30,14.21,14.21,13.11,13.42,4082716.0,
2009-11-02,13.54,13.91,13.39,13.78,3443920.0,
2009-11-03,13.69,13.93,13.26,13.9,1828875.0,
2009-11-04,14.09,14.26,13.74,13.77,2274686.0,
2009-11-05,13.85,13.99,13.06,13.87,4130380.0,
2009-11-06,14.05,15.1,13.95,14.84,5998482.0,
2009-11-09,15.23,15.72,15.19,15.6,5125922.0,
2009-11-10,15.93,15.93,15.2,15.32,3287126.0,
2009-11-11,15.68,15.7,15.32,15.66,2328884.0,
2009-11-12,15.41,15.45,15.15,15.23,5423846.0,
2009-11-13,15.22,15.48,15.15,15.22,2769502.0,
2009-11-16,15.48,15.48,15.19,15.22,2486030.0,
2009-11-17,15.16,15.38,15.1,15.29,2355746.0,
2009-11-18,15.28,15.68,15.2,15.55,3549362.0,
2009-11-19,15.39,15.45,15.04,15.28,4111403.0,
2009-11-20,15.15,15.18,14.91,14.98,3581098.0,
2009-11-23,15.25,15.26,14.92,15.06,3492818.0,
2009-11-24,15.05,15.07,13.66,14.03,11147562.0,
2009-11-25,14.2,14.33,13.67,13.87,3795956.0,
2009-11-26,nan,nan,nan,13.87,0.0,
2009-11-27,13.45,13.72,13.12,13.42,2596788.0,
2009-11-30,13.5,13.91,13.43,13.84,3503719.0,
2009-12-01,14.09,14.14,13.5,13.61,4220030.0,
2009-12-02,13.65,13.82,13.46,13.55,2897207.0,
2009-12-03,13.65,13.76,13.48,13.54,3011376.0,
2009-12-04,13.76,13.82,13.34,13.69,3281587.0,
2009-12-07,13.69,13.87,13.57,13.65,2261529.0,
2009-12-08,13.51,13.53,13.3,13.34,1907927.0,
2009-12-09,13.3,13.47,13.2,13.37,1937050.0,
2009-12-10,13.37,13.96,13.3,13.87,3329039.0,
2009-12-11,13.9,13.97,13.62,13.71,3076457.0,
2009-12-14,13.76,13.87,13.48,13.7,2482737.0,
2009-12-15,13.62,13.66,13.35,13.42,2330692.0,
2009-12-16,13.56,13.59,13.3,13.39,2662632.0,
2009-12-17,13.26,13.41,13.19,13.23,1999803.0,
2009-12-18,13.28,13.35,13.13,13.17,3860985.0,
2009-12-21,13.24,13.5,13.18,13.5,2930903.0,
2009-12-22,13.49,13.49,13.2,13.24,2375315.0,
2009-12-23,13.36,13.38,13.12,13.18,2205445.0,
2009-12-24,13.2,13.22,13.13,13.17,1037380.0,
2009-12-25,nan,nan,nan,13.17,0.0,
2009-12-28,13.14,13.29,13.14,13.19,1575766.0,
2009-12-29,13.25,13.25,13.1,13.11,1418457.0,
2009-12-30,13.1,13.19,12.9,13.19,2715945.0,
2009-12-31,13.16,13.25,13.1,13.12,1473116.0,
2010-01-01,nan,nan,nan,13.12,0.0,
2010-01-04,13.25,13.75,13.15,13.71,3863521.0,
2010-01-05,13.75,13.87,13.62,13.79,4073711.0,
2010-01-06,13.78,14.09,13.75,14.04,4109525.0,
2010-01-07,14.04,14.2,13.91,14.09,4015381.0,
2010-01-08,14.07,14.1,13.87,14.05,2831541.0,
2010-01-11,14.28,14.28,13.8,14.05,2465886.0,
2010-01-12,13.88,13.97,13.61,13.69,2925473.0,
2010-01-13,13.67,13.82,13.36,13.66,2335755.0,
2010-01-14,13.65,13.78,13.4,13.75,3018800.0,
2010-01-15,13.77,13.83,13.61,13.79,2734599.0,
2010-01-18,nan,nan,nan,13.79,0.0,
2010-01-19,13.77,13.82,13.45,13.56,3893813.0,
2010-01-20,13.49,13.7,13.41,13.69,1731039.0,
2010-01-21,13.65,13.84,13.33,13.42,4096229.0,
2010-01-22,13.31,13.42,12.59,12.74,5379968.0,
2010-01-25,12.89,13.0,12.44,12.64,3601758.0,
2010-01-26,12.6,12.82,12.45,12.45,1862776.0,
2010-01-27,12.49,12.77,12.25,12.73,1736207.0,
2010-01-28,12.84,12.88,12.36,12.62,1937064.0,
2010-01-29,12.66,12.88,12.06,12.13,2698374.0,
2010-02-01,12.42,12.91,12.41,12.9,2781525.0,
2010-02-02,13.05,13.44,13.02,13.33,3110667.0,
2010-02-03,13.27,13.42,13.06,13.21,2225099.0,
2010-02-04,13.1,13.1,12.61,12.72,3508329.0,
2010-02-05,12.74,12.78,12.03,12.71,3160731.0,
2010-02-08,12.82,12.82,12.36,12.48,1636150.0,
2010-02-09,12.61,12.75,12.45,12.7,2111052.0,
2010-02-10,12.75,12.82,12.41,12.44,2411410.0,
2010-02-11,12.5,12.67,12.4,12.51,1554667.0,
2010-02-12,12.45,12.88,12.27,12.82,1812043.0,
2010-02-15,nan,nan,nan,12.82,0.0,
2010-02-16,13.03,13.42,12.93,13.34,2334376.0,
2010-02-17,13.42,13.5,13.27,13.36,1479221.0,
2010-02-18,13.33,13.57,13.21,13.49,1783336.0,
2010-02-19,13.35,13.75,13.34,13.73,1701671.0,
2010-02-22,13.8,13.98,13.45,13.84,2834443.0,
2010-02-23,13.85,14.18,13.78,13.83,4706384.0,
2010-02-24,13.94,14.19,13.89,14.0,4084125.0,
2010-02-25,14.06,14.27,13.65,13.92,5282197.0,
2010-02-26,13.92,14.24,13.85,13.98,2752484.0,
2010-03-01,14.1,14.2,14.0,14.11,2295143.0,
2010-03-02,14.15,14.27,14.03,14.11,2531008.0,
2010-03-03,14.48,14.5,14.2,14.23,6140376.0,
2010-03-04,14.29,14.36,14.06,14.32,3453780.0,
2010-03-05,14.46,15.04,14.46,14.9,7888014.0,
2010-03-08,15.05,15.05,14.64,14.65,4014222.0,
2010-03-09,14.62,14.9,14.48,14.85,2881931.0,
2010-03-10,14.91,14.97,14.75,14.84,2945380.0,
2010-03-11,14.59,14.9,14.38,14.9,4700203.0,
2010-03-12,14.91,14.94,14.55,14.65,3554138.0,
2010-03-15,14.62,14.69,14.07,14.43,3238883.0,
2010-03-16,14.4,14.5,14.25,14.43,2247385.0,
2010-03-17,14.5,14.86,14.4,14.65,3027308.0,
2010-03-18,14.62,14.71,14.4,14.5,2517024.0,
2010-03-19,14.54,14.55,13.95,13.96,4105628.0,
2010-03-22,13.9,14.17,13.89,14.12,2920452.0,
2010-03-23,14.07,14.39,13.98,14.39,3080462.0,
2010-03-24,14.25,14.56,14.07,14.52,3765276.0,
2010-03-25,14.61,15.1,14.52,14.69,5695232.0,
2010-03-26,14.79,14.81,14.42,14.53,4165028.0,
2010-03-29,14.55,14.62,14.21,14.27,3339560.0,
2010-03-30,14.32,14.36,14.13,14.29,3117937.0,
2010-03-31,14.31,14.39,14.0,14.0,4522558.0,
2010-04-01,14.11,14.31,14.11,14.3,3863228.0,
2010-04-02,nan,nan,nan,14.3,0.0,
2010-04-05,14.33,14.54,14.23,14.48,3856220.0,
2010-04-06,14.46,14.75,14.46,14.64,3352172.0,
2010-04-07,14.7,14.8,14.55,14.68,3425852.0,
2010-04-08,14.67,14.7,14.36,14.62,3118786.0,
2010-04-09,14.69,14.75,14.57,14.73,2572960.0,
2010-04-12,14.86,15.19,14.8,15.03,5101928.0,
2010-04-13,15.1,15.45,15.06,15.25,7088755.0,
2010-04-14,15.44,15.49,15.03,15.26,4828035.0,
2010-04-15,15.26,15.37,15.06,15.19,3222065.0,
2010-04-16,15.11,15.13,14.25,14.74,7478378.0,
2010-04-19,14.49,14.78,14.32,14.68,4730798.0,
2010-04-20,14.77,14.91,14.63,14.77,3179389.0,
2010-04-21,14.88,15.07,14.76,14.95,4308414.0,
2010-04-22,15.12,15.15,14.45,14.84,7629903.0,
2010-04-23,14.92,15.06,14.78,14.9,5048012.0,
2010-04-26,14.95,15.12,14.79,14.99,5330486.0,
2010-04-27,14.96,14.99,14.5,14.51,4632421.0,
2010-04-28,14.6,14.65,14.04,14.21,4485408.0,
2010-04-29,14.39,14.62,14.18,14.55,3996019.0,
2010-04-30,14.47,14.47,13.98,13.98,4493683.0,
2010-05-03,14.01,14.53,13.95,14.43,5836918.0,
2010-05-04,14.19,14.19,13.45,13.88,6133846.0,
2010-05-05,13.6,13.77,13.13,13.3,5106526.0,
2010-05-06,13.16,13.34,11.87,12.61,10732947.0,
2010-05-07,12.65,12.67,11.89,12.17,8399329.0,
2010-05-10,12.95,13.34,12.72,13.18,7546855.0,
2010-05-11,12.91,13.3,12.79,13.02,4681967.0,
2010-05-12,13.09,13.09,12.8,12.99,3056014.0,
2010-05-13,13.04,13.17,12.71,13.0,3385121.0,
2010-05-14,12.74,12.77,12.0,12.25,6894137.0,
2010-05-17,12.35,12.38,11.82,12.08,4723099.0,
2010-05-18,12.29,12.29,11.62,11.63,4240745.0,
2010-05-19,11.57,11.63,11.06,11.55,5761222.0,
2010-05-20,11.23,11.37,10.53,11.0,9448983.0,
2010-05-21,10.66,11.25,10.56,11.07,4571812.0,
2010-05-24,10.62,10.98,10.47,10.5,4918641.0,
2010-05-25,10.05,10.69,9.88,10.63,5471913.0,
2010-05-26,10.8,11.23,10.72,10.8,4008405.0,
2010-05-27,11.11,11.18,10.75,11.02,3067000.0,
2010-05-28,11.11,11.11,10.5,10.65,3845632.0,
2010-05-31,nan,nan,nan,10.65,0.0,
2010-06-01,10.47,10.57,10.16,10.23,4385085.0,
2010-06-02,10.38,10.58,10.18,10.53,2993379.0,
2010-06-03,10.5,10.67,10.36,10.49,2321967.0,
2010-06-04,10.21,10.4,10.0,10.12,3845348.0,
2010-06-07,10.18,10.19,9.82,9.86,3447761.0,
2010-06-08,9.93,10.05,9.67,9.96,2911740.0,
2010-06-09,10.11,10.33,9.85,9.95,2947949.0,
2010-06-10,10.09,10.4,10.04,10.4,2423560.0,
2010-06-11,10.33,10.6,10.29,10.56,2085608.0,
2010-06-14,10.62,10.66,10.3,10.39,2827036.0,
2010-06-15,10.43,10.67,10.29,10.64,2251292.0,
2010-06-16,10.55,10.8,10.44,10.6,2968036.0,
2010-06-17,10.62,10.7,10.38,10.48,1919785.0,
2010-06-18,10.43,10.54,10.4,10.43,1215510.0,
2010-06-21,10.65,10.79,10.34,10.37,2104179.0,
2010-06-22,10.32,10.42,10.05,10.09,1711185.0,
2010-06-23,10.09,10.27,9.95,10.17,2325910.0,
2010-06-24,10.11,10.11,9.85,9.89,2501633.0,
2010-06-25,10.15,10.35,10.05,10.25,2644524.0,
2010-06-28,10.21,10.28,10.05,10.05,1487419.0,
2010-06-29,9.9,9.9,9.34,9.52,4118752.0,
2010-06-30,9.57,9.78,9.52,9.56,2914689.0,
2010-07-01,9.46,9.59,9.26,9.47,3623078.0,
2010-07-02,9.51,9.55,9.13,9.34,2239654.0,
2010-07-05,nan,nan,nan,9.34,0.0,
2010-07-06,9.53,9.58,9.07,9.2,2540593.0,
2010-07-07,9.18,9.56,8.93,9.56,3317952.0,
2010-07-08,9.78,10.19,9.73,10.17,4044616.0,
2010-07-09,10.1,10.55,10.02,10.5,2741141.0,
2010-07-12,10.44,10.52,10.17,10.31,2336694.0,
2010-07-13,10.55,10.59,10.33,10.54,2209793.0,
2010-07-14,10.59,10.59,10.26,10.28,2155359.0,
2010-07-15,10.44,10.57,10.08,10.56,2547267.0,
2010-07-16,10.54,10.54,10.06,10.19,2011721.0,
2010-07-19,10.17,10.26,9.99,10.1,1788294.0,
2010-07-20,9.9,10.33,9.75,10.31,1978758.0,
2010-07-21,10.36,10.52,10.17,10.31,2942442.0,
2010-07-22,10.56,10.83,10.44,10.74,3765677.0,
2010-07-23,10.88,11.3,10.83,11.25,3019421.0,
2010-07-26,11.56,11.9,11.37,11.7,3606081.0,
2010-07-27,11.85,11.92,11.42,11.44,2837986.0,
2010-07-28,11.35,11.48,11.04,11.23,3352187.0,
2010-07-29,11.4,11.57,11.19,11.3,1852902.0,
2010-07-30,11.1,11.31,11.1,11.15,4377921.0,
2010-08-02,11.5,11.82,11.3,11.7,3414339.0,
2010-08-03,11.7,11.7,11.44,11.5,1305489.0,
2010-08-04,11.54,11.56,11.39,11.56,1142706.0,
2010-08-05,11.47,11.59,11.45,11.51,1193413.0,
2010-08-06,11.4,11.53,11.18,11.33,1422601.0,
2010-08-09,11.34,11.37,11.18,11.36,1438776.0,
2010-08-10,11.26,11.28,10.75,10.99,2682170.0,
2010-08-11,10.62,10.73,10.42,10.57,2770463.0,
2010-08-12,10.65,11.06,10.35,11.01,4321691.0,
2010-08-13,11.08,11.12,10.59,10.63,3372185.0,
2010-08-16,10.52,10.67,10.32,10.38,2357781.0,
2010-08-17,10.6,10.73,10.45,10.63,2119994.0,
2010-08-18,10.63,10.64,10.35,10.56,1633105.0,
2010-08-19,10.47,10.58,10.26,10.26,2279779.0,
2010-08-20,10.18,10.28,10.05,10.18,1452332.0,
2010-08-23,10.2,10.91,10.17,10.57,3685501.0,
2010-08-24,10.39,10.54,10.23,10.43,3168745.0,
2010-08-25,10.29,10.45,10.12,10.37,2060315.0,
2010-08-26,10.55,10.55,10.21,10.28,1358688.0,
2010-08-27,10.26,10.35,10.0,10.29,1864465.0,
2010-08-30,10.25,10.27,10.02,10.02,1367189.0,
2010-08-31,10.06,10.17,9.89,10.09,2160373.0,
2010-09-01,10.35,10.59,10.19,10.44,2027722.0,
2010-09-02,10.44,10.44,10.17,10.23,3017294.0,
2010-09-03,10.44,10.5,10.28,10.35,5467538.0,
2010-09-06,nan,nan,nan,10.35,0.0,
2010-09-07,10.19,10.35,10.17,10.19,2720423.0,
2010-09-08,10.2,10.3,10.01,10.05,3458062.0,
2010-09-09,10.11,10.15,9.96,10.0,4267302.0,
2010-09-10,10.0,10.32,10.0,10.29,3889094.0,
2010-09-13,10.45,10.6,10.39,10.6,2580082.0,
2010-09-14,10.58,10.67,10.42,10.56,2656595.0,
2010-09-15,10.49,10.81,10.45,10.77,2897639.0,
2010-09-16,10.77,10.88,10.65,10.77,2286719.0,
2010-09-17,10.8,10.85,10.56,10.85,2102752.0,
2010-09-20,10.84,11.05,10.73,11.03,2496774.0,
2010-09-21,11.03,11.47,10.98,11.31,4908578.0,
2010-09-22,11.31,11.45,11.12,11.18,3571064.0,
2010-09-23,11.08,11.13,10.63,10.77,3486291.0,
2010-09-24,10.92,11.54,10.92,11.5,4913848.0,
2010-09-27,11.58,11.88,11.42,11.67,4426000.0,
2010-09-28,11.66,12.27,11.61,11.99,8823623.0,
2010-09-29,12.07,12.45,11.76,12.37,7048770.0,
2010-09-30,12.41,12.72,12.27,12.69,6814207.0,
2010-10-01,12.75,12.79,12.3,12.44,3450109.0,
2010-10-04,12.33,12.58,12.32,12.4,3360704.0,
2010-10-05,12.5,12.75,12.46,12.67,2145524.0,
2010-10-06,12.62,13.1,12.55,12.66,3673406.0,
2010-10-07,12.71,12.95,12.63,12.92,2560656.0,
2010-10-08,13.03,13.15,12.87,13.12,2901454.0,
2010-10-11,13.2,13.52,13.12,13.52,3715022.0,
2010-10-12,13.32,13.58,13.2,13.33,3967838.0,
2010-10-13,13.56,13.64,13.35,13.63,3221220.0,
2010-10-14,13.48,13.72,13.37,13.5,3569946.0,
2010-10-15,13.57,13.6,13.22,13.38,2634081.0,
2010-10-18,13.33,13.55,13.21,13.46,2267304.0,
2010-10-19,13.25,13.57,13.25,13.39,3003369.0,
2010-10-20,13.42,13.53,13.31,13.38,2270388.0,
2010-10-21,13.48,13.93,13.43,13.75,4217901.0,
2010-10-22,13.76,13.92,13.55,13.55,2164331.0,
2010-10-25,13.65,13.74,13.49,13.55,1759250.0,
2010-10-26,13.54,13.55,13.26,13.39,1872741.0,
2010-10-27,13.31,13.5,13.24,13.47,1998618.0,
2010-10-28,13.65,13.65,13.26,13.26,3143526.0,
2010-10-29,13.25,13.65,13.25,13.48,1820645.0,
2010-11-01,13.57,13.77,13.35,13.45,1771887.0,
2010-11-02,13.5,13.99,13.5,13.99,2834811.0,
2010-11-03,13.99,14.25,13.85,14.18,3558631.0,
2010-11-04,14.07,14.28,13.95,14.15,4501090.0,
2010-11-05,14.04,14.36,13.97,14.15,3981760.0,
2010-11-08,14.18,14.18,13.91,14.08,2180582.0,
2010-11-09,14.15,14.2,13.81,13.9,2294974.0,
2010-11-10,13.7,13.83,13.58,13.7,3134437.0,
2010-11-11,13.56,14.07,13.56,14.05,2039381.0,
2010-11-12,13.9,14.01,13.49,13.67,2578837.0,
2010-11-15,13.7,13.84,13.55,13.66,1792460.0,
2010-11-16,13.46,13.52,13.02,13.17,2299896.0,
2010-11-17,13.19,13.26,12.96,13.01,1522430.0,
2010-11-18,13.15,13.27,13.05,13.05,2123715.0,
2010-11-19,13.1,13.29,13.05,13.25,2559461.0,
2010-11-22,13.13,13.35,13.12,13.25,2158611.0,
2010-11-23,13.07,13.1,12.87,12.93,2476759.0,
2010-11-24,12.99,13.13,12.87,13.02,2008083.0,
2010-11-25,nan,nan,nan,nan,nan,
2010-11-26,12.9,13.04,12.88,12.97,882314.0,
2010-11-29,12.91,13.15,12.87,13.03,2077429.0,
2010-11-30,12.97,12.98,12.77,12.8,2617966.0,
2010-12-01,12.95,13.24,12.84,13.15,2995151.0,
2010-12-02,13.15,14.15,13.1,14.07,5624145.0,
2010-12-03,13.85,14.0,13.65,13.85,3854845.0,
2010-12-06,13.76,14.0,13.74,13.96,2208384.0,
2010-12-07,14.15,14.44,13.9,13.98,4700685.0,
2010-12-08,13.93,14.08,13.77,13.89,1741290.0,
2010-12-09,14.0,14.01,13.76,13.82,2141977.0,
2010-12-10,13.8,14.12,13.6,13.99,2460396.0,
2010-12-13,13.88,14.01,13.64,13.77,3391194.0,
2010-12-14,13.91,14.05,13.75,13.83,2286922.0,
2010-12-15,13.85,14.15,13.76,13.8,2935365.0,
2010-12-16,13.5,13.64,13.36,13.41,6595822.0,
2010-12-17,13.46,13.54,13.35,13.46,4569942.0,
2010-12-20,13.44,13.72,13.33,13.56,2488346.0,
2010-12-21,13.66,14.18,13.65,14.08,4623183.0,
2010-12-22,14.17,14.45,14.12,14.3,5274859.0,
2010-12-23,14.3,14.65,14.25,14.55,6216882.0,
2010-12-24,nan,nan,nan,nan,nan,
2010-12-27,14.46,14.53,14.21,14.29,1561454.0,
2010-12-28,14.34,14.4,14.06,14.13,2328895.0,
2010-12-29,14.13,14.52,14.13,14.36,2571703.0,
2010-12-30,14.36,14.44,14.18,14.27,2175955.0,
2010-12-31,14.16,14.21,14.01,14.15,1978955.0,
2011-01-03,14.24,14.94,14.23,14.79,6134719.0,
2011-01-04,14.93,15.04,14.63,14.97,4153598.0,
2011-01-05,14.81,15.04,14.58,14.96,3062473.0,
2011-01-06,15.04,15.22,14.8,14.98,2793664.0,
2011-01-07,15.03,15.24,14.79,14.91,2924946.0,
2011-01-10,14.85,14.98,14.63,14.76,1672885.0,
2011-01-11,14.92,15.08,14.79,14.95,3687269.0,
2011-01-12,15.0,15.29,14.91,15.28,3789912.0,
2011-01-13,15.07,15.7,15.03,15.7,7322237.0,
2011-01-14,15.6,15.96,15.41,15.96,6609988.0,
2011-01-17,nan,nan,nan,nan,nan,
2011-01-18,15.7,15.8,15.18,15.31,6152547.0,
2011-01-19,15.48,15.54,15.01,15.12,4130062.0,
2011-01-20,15.03,15.34,14.71,15.33,4661188.0,
2011-01-21,15.43,15.96,15.35,15.96,6531269.0,
2011-01-24,15.91,16.09,15.7,15.94,4228098.0,
2011-01-25,15.85,15.93,15.55,15.76,2829072.0,
2011-01-26,15.76,15.85,15.59,15.81,2837764.0,
2011-01-27,15.77,16.14,15.77,16.12,3299017.0,
2011-01-28,16.07,16.17,15.55,15.58,4158242.0,
2011-01-31,15.46,15.77,15.3,15.73,3944342.0,
2011-02-01,15.85,16.69,15.81,16.32,7975315.0,
2011-02-02,16.38,16.67,16.2,16.67,6058590.0,
2011-02-03,17.27,17.96,16.89,17.36,14569374.0,
2011-02-04,17.55,17.6,17.03,17.2,4537404.0,
2011-02-07,17.32,17.42,17.08,17.17,5049879.0,
2011-02-08,17.21,17.38,17.1,17.3,3084605.0,
2011-02-09,17.21,17.22,16.61,16.75,5074982.0,
2011-02-10,16.53,17.1,16.32,17.06,5882444.0,
2011-02-11,17.0,17.28,16.8,17.16,4559272.0,
2011-02-14,17.3,17.8,17.26,17.49,5839833.0,
2011-02-15,17.53,17.72,17.39,17.69,5503869.0,
2011-02-16,17.8,17.85,17.51,17.7,3380256.0,
2011-02-17,17.56,17.7,17.51,17.63,2812984.0,
2011-02-18,17.6,17.69,17.53,17.65,3570918.0,
2011-02-21,nan,nan,nan,nan,nan,
2011-02-22,17.39,17.62,16.89,17.13,7889461.0,
2011-02-23,17.25,17.31,16.39,16.97,5335871.0,
2011-02-24,16.78,17.38,16.76,17.3,5377068.0,
2011-02-25,17.49,17.81,17.4,17.76,4246871.0,
2011-02-28,17.94,17.94,17.65,17.8,2306000.0,
2011-03-01,17.95,18.02,17.43,17.51,3526442.0,
2011-03-02,17.34,17.65,17.15,17.56,3994022.0,
2011-03-03,18.09,18.48,18.05,18.33,6924685.0,
2011-03-04,18.37,18.54,17.97,18.18,5200290.0,
2011-03-07,18.26,18.46,17.45,17.59,3940113.0,
2011-03-08,17.54,17.76,17.35,17.65,3597645.0,
2011-03-09,17.69,18.05,17.43,17.93,3834093.0,
2011-03-10,17.69,17.79,17.5,17.56,4189578.0,
2011-03-11,16.91,17.48,16.81,17.3,3035545.0,
2011-03-14,17.05,17.16,16.64,16.98,2674110.0,
2011-03-15,15.88,16.68,15.87,16.58,4856213.0,
2011-03-16,16.58,16.64,15.61,16.11,5629985.0,
2011-03-17,16.29,16.68,16.21,16.35,2678567.0,
2011-03-18,16.68,16.85,16.55,16.63,4254708.0,
2011-03-21,17.03,17.51,16.83,17.45,5510655.0,
2011-03-22,17.51,17.69,17.17,17.54,2460533.0,
2011-03-23,17.49,18.29,17.16,18.2,3679222.0,
2011-03-24,18.45,18.57,17.97,18.56,4889866.0,
2011-03-25,18.64,18.95,18.5,18.74,3543300.0,
2011-03-28,18.88,18.95,18.72,18.93,3241607.0,
2011-03-29,18.85,18.85,18.04,18.4,5551875.0,
2011-03-30,18.63,18.7,18.1,18.1,4466640.0,
2011-03-31,18.15,18.29,17.63,17.88,4722180.0,
2011-04-01,18.15,18.29,17.89,18.18,3369079.0,
2011-04-04,18.25,18.82,18.21,18.78,4254368.0,
2011-04-05,18.68,19.27,18.59,18.94,5584079.0,
2011-04-06,19.15,19.19,18.87,19.0,3945286.0,
2011-04-07,19.03,19.12,18.62,18.71,2723065.0,
2011-04-08,18.9,18.93,18.45,18.49,1603869.0,
2011-04-11,18.25,18.49,17.85,18.0,4118388.0,
2011-04-12,17.92,18.21,17.59,18.1,2545852.0,
2011-04-13,18.15,18.42,18.01,18.28,2252502.0,
2011-04-14,18.2,18.57,18.16,18.36,2606315.0,
2011-04-15,18.52,18.72,18.23,18.58,2658014.0,
2011-04-18,18.42,18.54,17.84,18.06,3944163.0,
2011-04-19,18.12,18.24,17.83,18.2,2817605.0,
2011-04-20,18.7,19.0,18.51,19.0,4121520.0,
2011-04-21,19.15,19.49,18.9,19.31,6005085.0,
2011-04-22,nan,nan,nan,nan,nan,
2011-04-25,19.41,19.42,18.92,19.06,2663352.0,
2011-04-26,19.19,19.58,19.02,19.46,3385665.0,
2011-04-27,19.46,19.63,19.25,19.49,5505501.0,
2011-04-28,19.41,19.42,18.86,19.15,4115752.0,
2011-04-29,19.13,19.13,18.75,18.94,4564934.0,
2011-05-02,19.09,19.09,18.6,18.65,7344834.0,
2011-05-03,18.5,18.95,18.48,18.65,5553736.0,
2011-05-04,18.57,18.83,18.01,18.25,4006881.0,
2011-05-05,18.03,18.13,17.7,17.75,2683661.0,
2011-05-06,18.0,18.07,17.72,17.81,2093096.0,
2011-05-09,17.89,18.15,17.61,18.07,2111558.0,
2011-05-10,18.09,18.37,18.07,18.32,2576208.0,
2011-05-11,18.32,18.39,17.61,17.79,2761662.0,
2011-05-12,17.57,17.72,17.11,17.56,4034025.0,
2011-05-13,17.56,17.71,17.1,17.4,3781615.0,
2011-05-16,17.24,17.36,16.79,16.82,3421700.0,
2011-05-17,16.7,16.92,16.32,16.87,4795248.0,
2011-05-18,16.93,17.2,16.71,17.14,4008819.0,
2011-05-19,17.12,17.27,16.97,17.23,1925248.0,
2011-05-20,17.2,17.25,16.9,16.95,1872325.0,
2011-05-23,16.42,16.78,16.35,16.55,3317859.0,
2011-05-24,16.55,16.84,16.48,16.6,2941198.0,
2011-05-25,16.52,17.0,16.41,16.87,2646707.0,
2011-05-26,16.86,16.95,16.58,16.92,1952329.0,
2011-05-27,16.98,17.09,16.74,17.05,2303876.0,
2011-05-30,nan,nan,nan,nan,nan,
2011-05-31,17.17,17.25,16.99,17.24,3408483.0,
2011-06-01,17.08,17.44,16.82,16.9,4929568.0,
2011-06-02,16.83,16.9,16.5,16.74,2147477.0,
2011-06-03,16.41,16.68,16.32,16.47,2338189.0,
2011-06-06,16.36,16.41,16.05,16.16,2517297.0,
2011-06-07,16.29,16.35,16.12,16.18,2417669.0,
2011-06-08,16.09,16.31,16.09,16.18,2916029.0,
2011-06-09,16.27,16.83,16.2,16.71,3841638.0,
2011-06-10,16.58,16.72,16.43,16.6,4361774.0,
2011-06-13,16.57,16.71,16.45,16.6,4811222.0,
2011-06-14,16.75,17.05,16.73,17.02,2817486.0,
2011-06-15,16.73,16.98,16.47,16.59,3987720.0,
2011-06-16,16.52,16.86,16.46,16.76,4292971.0,
2011-06-17,16.98,17.04,16.53,16.63,3931099.0,
2011-06-20,16.49,16.59,16.31,16.45,2767363.0,
2011-06-21,16.49,16.71,16.39,16.56,2833874.0,
2011-06-22,16.46,16.65,16.38,16.41,2396086.0,
2011-06-23,16.22,16.3,15.95,16.26,3114156.0,
2011-06-24,16.33,16.51,16.0,16.02,2397354.0,
2011-06-27,16.01,16.34,15.95,16.25,1478616.0,
2011-06-28,16.33,16.42,16.19,16.39,1902133.0,
2011-06-29,16.52,16.52,16.27,16.38,3827301.0,
2011-06-30,16.38,16.84,16.35,16.56,3904065.0,
2011-07-01,16.66,17.5,16.62,17.37,3513987.0,
2011-07-04,nan,nan,nan,nan,nan,
2011-07-05,17.15,17.32,16.85,16.93,3122156.0,
2011-07-06,16.91,16.97,16.63,16.95,2241346.0,
2011-07-07,17.16,17.33,16.98,17.2,3885836.0,
2011-07-08,16.8,17.01,16.72,17.01,1879476.0,
2011-07-11,16.63,16.74,16.28,16.53,4441505.0,
2011-07-12,16.39,16.6,16.22,16.24,2552060.0,
2011-07-13,16.46,16.46,15.98,16.23,3710242.0,
2011-07-14,16.32,16.49,16.01,16.08,3043676.0,
2011-07-15,16.13,16.17,15.88,15.9,2348080.0,
2011-07-18,15.79,15.85,15.13,15.39,5113799.0,
2011-07-19,15.43,15.82,15.4,15.79,1940000.0,
2011-07-20,15.7,16.4,15.7,16.26,3913439.0,
2011-07-21,16.88,17.17,16.66,17.0,3834207.0,
2011-07-22,17.38,17.78,17.05,17.63,3950305.0,
2011-07-25,17.33,17.75,17.14,17.35,2675102.0,
2011-07-26,17.31,17.75,17.06,17.71,2763837.0,
2011-07-27,17.55,17.66,17.18,17.38,3158535.0,
2011-07-28,17.35,17.48,16.94,17.12,4016102.0,
2011-07-29,16.79,16.97,16.51,16.61,5670253.0,
2011-08-01,16.98,17.05,16.42,16.61,3779505.0,
2011-08-02,16.35,16.37,15.95,16.0,6641763.0,
2011-08-03,15.78,15.86,15.31,15.38,6471878.0,
2011-08-04,15.06,15.11,13.6,13.72,13543424.0,
2011-08-05,13.96,13.99,13.02,13.6,10712835.0,
2011-08-08,12.46,12.99,12.0,12.04,14785930.0,
2011-08-09,12.48,13.05,12.08,13.0,7694951.0,
2011-08-10,12.71,13.16,12.1,12.32,9416369.0,
2011-08-11,12.34,13.19,11.88,12.84,7649884.0,
2011-08-12,13.23,13.39,12.84,13.05,3801284.0,
2011-08-15,13.15,13.86,13.15,13.75,5031753.0,
2011-08-16,13.54,13.9,13.41,13.73,4702534.0,
2011-08-17,13.92,13.93,13.5,13.74,4173285.0,
2011-08-18,13.13,13.14,12.12,12.19,9247113.0,
2011-08-19,11.95,12.55,11.6,11.64,4723003.0,
2011-08-22,12.38,12.38,11.5,11.53,4449271.0,
2011-08-23,11.68,12.02,11.5,11.9,5672051.0,
2011-08-24,11.9,12.5,11.85,12.48,3274504.0,
2011-08-25,12.55,12.92,11.72,11.79,4734576.0,
2011-08-26,11.75,12.44,11.58,12.32,3063506.0,
2011-08-29,12.64,13.08,12.58,13.07,2961419.0,
2011-08-30,13.01,13.46,12.85,13.38,3151055.0,
2011-08-31,13.62,13.88,13.52,13.71,4663377.0,
2011-09-01,13.61,13.95,13.39,13.47,4107499.0,
2011-09-02,13.06,13.23,12.89,13.02,3264840.0,
2011-09-05,nan,nan,nan,nan,nan,
2011-09-06,12.25,12.57,12.08,12.5,5537580.0,
2011-09-07,12.75,13.17,12.75,13.1,3907715.0,
2011-09-08,13.0,13.15,12.56,12.62,3784319.0,
2011-09-09,12.34,12.64,12.12,12.21,3205614.0,
2011-09-12,12.0,12.34,11.89,12.31,2988894.0,
2011-09-13,12.48,12.86,12.37,12.75,2991905.0,
2011-09-14,12.84,13.49,12.64,13.21,3664128.0,
2011-09-15,13.41,13.97,13.35,13.84,5254629.0,
2011-09-16,13.75,14.06,13.73,13.95,4317617.0,
2011-09-19,13.52,13.67,13.16,13.32,6322127.0,
2011-09-20,13.55,13.56,13.11,13.15,3487566.0,
2011-09-21,13.18,13.26,12.67,12.68,4624884.0,
2011-09-22,12.13,12.4,11.88,12.32,4811454.0,
2011-09-23,12.18,12.29,11.93,12.07,3304284.0,
2011-09-26,12.01,12.76,11.9,12.71,5165138.0,
2011-09-27,13.16,13.44,12.69,12.76,3986036.0,
2011-09-28,12.87,12.88,12.21,12.24,3515850.0,
2011-09-29,12.57,12.71,12.05,12.42,2747370.0,
2011-09-30,12.13,12.42,11.97,11.98,4581919.0,
2011-10-03,11.89,12.05,11.22,11.31,4936701.0,
2011-10-04,10.95,11.99,10.51,11.91,7017939.0,
2011-10-05,11.9,12.5,11.78,12.43,2532172.0,
2011-10-06,12.39,13.39,12.14,13.33,5925662.0,
2011-10-07,13.32,13.32,12.72,12.75,3947200.0,
2011-10-10,13.07,13.68,13.07,13.62,3536619.0,
2011-10-11,13.36,13.75,13.24,13.64,2659138.0,
2011-10-12,13.7,14.52,13.68,14.33,4179743.0,
2011-10-13,13.93,13.98,13.3,13.55,5711544.0,
2011-10-14,14.01,14.06,13.31,13.65,2871875.0,
2011-10-17,13.52,13.54,13.0,13.02,3369078.0,
2011-10-18,13.01,13.97,12.98,13.81,3590555.0,
2011-10-19,13.86,14.08,13.22,13.24,3234348.0,
2011-10-20,12.74,13.68,12.74,13.45,3952225.0,
2011-10-21,13.71,14.45,13.62,14.03,4817082.0,
2011-10-24,14.09,14.4,14.01,14.26,2960350.0,
2011-10-25,14.1,14.1,13.66,14.0,4055064.0,
2011-10-26,14.18,14.27,13.81,14.13,3023304.0,
2011-10-27,14.75,15.74,14.59,15.41,9245696.0,
2011-10-28,15.29,15.34,14.8,15.06,5224842.0,
2011-10-31,14.71,14.99,14.51,14.71,4352468.0,
2011-11-01,14.24,14.26,13.66,13.8,3967059.0,
2011-11-02,14.09,14.32,13.89,14.11,6397272.0,
2011-11-03,14.4,14.4,13.76,14.2,4592456.0,
2011-11-04,14.06,14.31,13.86,14.17,3136739.0,
2011-11-07,14.04,14.35,13.94,14.32,1755458.0,
2011-11-08,14.52,14.9,14.44,14.64,4720681.0,
2011-11-09,14.13,14.21,13.34,13.39,3982381.0,
2011-11-10,13.67,13.8,13.41,13.59,2556845.0,
2011-11-11,13.88,14.41,13.78,14.39,2970028.0,
2011-11-14,14.25,14.86,14.17,14.43,2783395.0,
2011-11-15,14.27,14.49,14.03,14.05,2085972.0,
2011-11-16,13.91,14.07,13.61,13.98,3050973.0,
2011-11-17,13.88,13.93,13.2,13.31,4186883.0,
2011-11-18,13.44,13.72,13.29,13.33,2451056.0,
2011-11-21,13.08,13.28,12.86,13.0,3712918.0,
2011-11-22,12.91,13.18,12.9,12.93,2092361.0,
2011-11-23,12.8,12.82,12.46,12.61,2767431.0,
2011-11-24,nan,nan,nan,nan,nan,
2011-11-25,12.51,12.77,12.4,12.44,1039625.0,
2011-11-28,13.14,13.35,12.89,12.98,3566665.0,
2011-11-29,12.99,13.04,12.61,12.72,2110822.0,
2011-11-30,13.3,13.75,12.91,13.73,4125437.0,
2011-12-01,13.6,14.49,13.56,14.22,4832573.0,
2011-12-02,14.44,14.99,14.33,14.77,9168675.0,
2011-12-05,14.94,15.47,14.69,14.81,5053939.0,
2011-12-06,14.75,14.94,14.45,14.82,2403438.0,
2011-12-07,15.13,15.22,14.65,14.85,1818459.0,
2011-12-08,14.74,14.74,13.77,13.88,3126648.0,
2011-12-09,13.9,14.4,13.9,14.24,1216630.0,
2011-12-12,14.05,14.1,13.84,14.01,2102674.0,
2011-12-13,14.1,14.21,13.51,13.68,2345546.0,
2011-12-14,13.5,14.18,13.33,13.98,4489830.0,
2011-12-15,14.18,14.49,14.1,14.4,2881534.0,
2011-12-16,14.57,14.57,13.96,14.01,2064316.0,
2011-12-19,14.1,14.2,13.57,13.62,2258580.0,
2011-12-20,13.99,14.03,13.64,14.0,3035159.0,
2011-12-21,13.96,14.36,13.78,14.21,1393348.0,
2011-12-22,14.12,14.55,14.08,14.46,1849360.0,
2011-12-23,14.53,14.74,14.48,14.53,959890.0,
2011-12-26,nan,nan,nan,nan,nan,
2011-12-27,14.46,14.47,14.28,14.33,767576.0,
2011-12-28,14.29,14.3,13.82,13.89,1581078.0,
2011-12-29,13.86,14.15,13.81,14.03,1686870.0,
2011-12-30,13.97,14.13,13.81,14.01,1449521.0,
2012-01-02,nan,nan,nan,nan,nan,
2012-01-03,14.4,14.83,14.38,14.64,3134350.0,
2012-01-04,14.55,14.63,14.19,14.46,1947783.0,
2012-01-05,14.32,14.65,14.1,14.59,1555607.0,
2012-01-06,14.52,14.94,14.52,14.9,1708878.0,
2012-01-09,14.89,15.49,14.82,15.06,3613874.0,
2012-01-10,15.4,15.85,15.13,15.44,3469181.0,
2012-01-11,15.24,15.7,15.11,15.59,1756376.0,
2012-01-12,15.72,15.75,15.21,15.31,1677997.0,
2012-01-13,15.19,15.37,14.87,15.31,1465444.0,
2012-01-16,nan,nan,nan,nan,nan,
2012-01-17,15.17,15.61,15.09,15.37,1815739.0,
2012-01-18,15.42,15.67,15.38,15.45,1727082.0,
2012-01-19,15.56,15.84,15.5,15.69,1579525.0,
2012-01-20,15.68,15.99,15.57,15.92,2221564.0,
2012-01-23,15.91,16.0,15.73,15.83,1820331.0,
2012-01-24,15.6,16.17,15.54,16.09,2994878.0,
2012-01-25,15.97,16.24,15.74,15.76,4051529.0,
2012-01-26,15.94,16.0,15.52,15.6,1622387.0,
2012-01-27,15.5,15.78,15.47,15.57,1880255.0,
2012-01-30,15.29,15.96,15.21,15.86,1771551.0,
2012-01-31,15.93,16.0,15.69,15.81,1795302.0,
2012-02-01,16.0,16.82,15.97,16.64,3840662.0,
2012-02-02,16.92,16.93,15.8,16.68,12684535.0,
2012-02-03,16.9,17.25,16.77,16.81,3168527.0,
2012-02-06,16.73,16.9,16.5,16.8,1596055.0,
2012-02-07,16.77,16.92,16.59,16.69,1864439.0,
2012-02-08,16.71,16.71,16.22,16.37,1889939.0,
2012-02-09,16.45,16.7,16.39,16.59,3082692.0,
2012-02-10,16.41,16.52,16.0,16.04,2175537.0,
2012-02-13,16.29,16.33,15.91,16.1,1474378.0,
2012-02-14,16.03,16.07,15.45,15.56,2501977.0,
2012-02-15,15.73,15.78,15.43,15.55,2387314.0,
2012-02-16,15.5,16.03,15.47,15.96,2427802.0,
2012-02-17,16.1,16.15,15.82,15.97,1309305.0,
2012-02-20,nan,nan,nan,nan,nan,
2012-02-21,16.0,16.0,15.4,15.62,2083308.0,
2012-02-22,15.81,15.86,15.51,15.64,2147286.0,
2012-02-23,15.65,15.7,15.35,15.61,2569536.0,
2012-02-24,15.7,15.99,15.55,15.98,2325654.0,
2012-02-27,15.79,15.96,15.58,15.8,2771630.0,
2012-02-28,15.84,15.9,15.65,15.71,2097634.0,
2012-02-29,15.7,15.79,15.61,15.62,1565793.0,
2012-03-01,15.7,15.89,15.6,15.73,3507132.0,
2012-03-02,15.52,15.52,15.11,15.29,16006764.0,
2012-03-05,15.3,15.3,15.03,15.13,2977361.0,
2012-03-06,14.99,14.99,14.49,14.52,8124838.0,
2012-03-07,14.69,15.07,14.65,14.9,3773650.0,
2012-03-08,15.06,15.26,14.97,15.1,3570291.0,
2012-03-09,15.25,15.25,14.95,15.12,2471944.0,
2012-03-12,15.11,15.31,15.1,15.18,2457300.0,
2012-03-13,15.1,15.43,14.9,15.35,4465874.0,
2012-03-14,15.34,15.37,15.14,15.29,3406932.0,
2012-03-15,15.35,15.35,15.11,15.34,2815698.0,
2012-03-16,15.23,15.48,15.18,15.3,4082608.0,
2012-03-19,15.23,15.67,15.21,15.36,3891660.0,
2012-03-20,15.25,15.55,15.09,15.38,2499577.0,
2012-03-21,15.49,15.67,15.4,15.53,3186319.0,
2012-03-22,15.3,15.65,15.13,15.54,2953416.0,
2012-03-23,15.59,15.59,15.33,15.35,1972532.0,
2012-03-26,15.46,15.71,15.35,15.66,3552873.0,
2012-03-27,15.69,15.97,15.57,15.6,3581558.0,
2012-03-28,15.5,15.83,15.46,15.75,3277091.0,
2012-03-29,15.61,15.7,15.48,15.64,2174569.0,
2012-03-30,15.72,16.09,15.58,15.94,2818658.0,
2012-04-02,16.0,16.06,15.78,15.86,4740889.0,
2012-04-03,15.76,15.85,15.52,15.65,3056019.0,
2012-04-04,15.72,15.82,15.2,15.34,5492359.0,
2012-04-05,15.28,15.52,15.2,15.5,2407266.0,
2012-04-06,nan,nan,nan,nan,nan,
2012-04-09,15.26,15.26,14.95,15.06,2977368.0,
2012-04-10,15.09,15.12,14.51,14.57,3622425.0,
2012-04-11,14.87,14.92,14.5,14.63,4129996.0,
2012-04-12,14.7,14.92,14.56,14.79,5859060.0,
2012-04-13,14.75,14.75,14.44,14.53,4131688.0,
2012-04-16,14.65,14.86,14.51,14.59,2320365.0,
2012-04-17,14.61,14.78,14.51,14.52,3638661.0,
2012-04-18,14.63,14.92,14.52,14.84,4039641.0,
2012-04-19,14.34,14.88,14.09,14.14,5762985.0,
2012-04-20,14.11,14.17,13.78,13.95,5416308.0,
2012-04-23,13.7,13.7,13.25,13.43,6523901.0,
2012-04-24,13.48,13.6,13.37,13.37,2494230.0,
2012-04-25,13.49,13.59,13.09,13.2,8157446.0,
2012-04-26,13.18,13.28,13.03,13.15,11028030.0,
2012-04-27,13.23,13.43,13.07,13.34,11398295.0,
2012-04-30,13.24,13.56,13.16,13.56,4652685.0,
2012-05-01,13.56,13.89,13.49,13.62,5038241.0,
2012-05-02,13.61,13.7,13.24,13.25,5031856.0,
2012-05-03,13.31,13.4,12.89,12.96,6974048.0,
2012-05-04,12.86,13.06,12.68,12.93,6204907.0,
2012-05-07,12.79,13.09,12.79,12.94,3761767.0,
2012-05-08,12.86,13.03,12.63,12.9,3891520.0,
2012-05-09,12.7,12.9,12.58,12.61,4671039.0,
2012-05-10,12.77,12.88,12.69,12.7,3094983.0,
2012-05-11,12.42,12.79,12.42,12.63,1638398.0,
2012-05-14,12.53,12.56,12.1,12.19,3830123.0,
2012-05-15,12.25,12.38,12.07,12.19,7637692.0,
2012-05-16,12.24,12.59,12.12,12.22,6685933.0,
2012-05-17,12.22,12.33,11.43,11.54,7259813.0,
2012-05-18,11.61,11.79,11.12,11.54,6004868.0,
2012-05-21,11.54,11.84,11.38,11.7,3422021.0,
2012-05-22,11.6,12.2,11.6,11.99,6296406.0,
2012-05-23,12.1,12.1,11.72,12.05,4002715.0,
2012-05-24,12.08,12.28,11.87,12.01,2177959.0,
2012-05-25,12.06,12.29,11.96,12.26,2458133.0,
2012-05-28,nan,nan,nan,nan,nan,
2012-05-29,12.37,12.6,12.37,12.57,2824887.0,
2012-05-30,12.39,12.52,12.25,12.34,3237158.0,
2012-05-31,12.34,12.35,12.01,12.04,4504638.0,
2012-06-01,11.82,11.91,11.56,11.88,5928740.0,
2012-06-04,11.83,11.96,11.66,11.81,2195813.0,
2012-06-05,11.82,12.09,11.82,12.08,1375014.0,
2012-06-06,12.26,12.53,12.16,12.5,3654614.0,
2012-06-07,12.69,12.71,12.22,12.28,3278143.0,
2012-06-08,12.25,12.27,11.98,12.22,2020835.0,
2012-06-11,12.35,12.45,11.99,12.0,1691912.0,
2012-06-12,12.3,12.4,12.01,12.39,2698159.0,
2012-06-13,12.26,12.44,12.24,12.32,2403381.0,
2012-06-14,12.31,12.35,12.1,12.29,1621705.0,
2012-06-15,12.38,12.62,12.3,12.54,3504105.0,
2012-06-18,12.43,12.48,12.22,12.3,5526764.0,
2012-06-19,12.33,12.67,12.33,12.44,2495703.0,
2012-06-20,12.45,12.51,12.25,12.3,2506276.0,
2012-06-21,12.1,12.37,11.99,12.1,2141396.0,
2012-06-22,12.1,12.25,11.97,12.0,1862678.0,
2012-06-25,11.91,12.05,11.76,12.02,2639593.0,
2012-06-26,12.02,12.43,12.0,12.38,2464982.0,
2012-06-27,12.37,12.56,12.29,12.5,1379667.0,
2012-06-28,12.31,12.57,12.25,12.57,2461551.0,
2012-06-29,12.77,13.08,12.58,13.07,11315537.0,
2012-07-02,13.08,13.35,12.99,13.33,2027606.0,
2012-07-03,13.33,13.44,13.28,13.39,916801.0,
2012-07-04,nan,nan,nan,nan,nan,
2012-07-05,13.48,13.5,13.2,13.22,2507969.0,
2012-07-06,13.15,13.21,13.03,13.1,1006676.0,
2012-07-09,13.05,13.09,12.91,12.98,3029259.0,
2012-07-10,12.99,13.07,12.78,12.83,2544440.0,
2012-07-11,12.86,12.88,12.67,12.75,3108655.0,
2012-07-12,12.59,12.73,12.5,12.62,2563509.0,
2012-07-13,12.61,12.9,12.59,12.86,1286387.0,
2012-07-16,12.83,12.95,12.75,12.82,1718747.0,
2012-07-17,12.87,12.9,12.69,12.83,1892749.0,
2012-07-18,12.8,12.9,12.75,12.9,1394428.0,
2012-07-19,13.0,13.41,12.91,12.99,4622632.0,
2012-07-20,12.99,13.43,12.93,13.15,3947005.0,
2012-07-23,12.91,13.71,12.83,13.61,7393565.0,
2012-07-24,13.6,14.0,13.5,13.91,6454877.0,
2012-07-25,13.95,13.97,13.71,13.81,2879062.0,
2012-07-26,14.0,14.08,13.79,13.95,3244760.0,
2012-07-27,14.11,14.18,13.8,13.94,5422078.0,
2012-07-30,13.92,14.12,13.86,13.96,1508786.0,
2012-07-31,14.12,14.12,13.76,13.85,2248338.0,
2012-08-01,13.84,13.93,13.67,13.75,1850259.0,
2012-08-02,13.63,13.83,13.32,13.7,2004668.0,
2012-08-03,13.83,13.98,13.68,13.9,2802588.0,
2012-08-06,13.99,14.02,13.68,13.76,1856301.0,
2012-08-07,13.8,14.02,13.6,13.7,4091604.0,
2012-08-08,13.66,13.88,13.62,13.73,1325733.0,
2012-08-09,13.69,13.97,13.64,13.93,1820231.0,
2012-08-10,13.95,13.95,13.63,13.74,1172954.0,
2012-08-13,13.6,13.62,13.36,13.4,3203497.0,
2012-08-14,13.46,13.84,13.44,13.57,3625142.0,
2012-08-15,13.49,13.64,13.43,13.6,1268306.0,
2012-08-16,13.59,13.89,13.44,13.72,2179307.0,
2012-08-17,13.66,13.82,13.49,13.65,2662505.0,
2012-08-20,13.57,13.78,13.4,13.66,2255283.0,
2012-08-21,13.64,13.91,13.64,13.66,2630006.0,
2012-08-22,13.66,13.72,13.48,13.6,1741541.0,
2012-08-23,13.65,13.7,13.46,13.53,1231714.0,
2012-08-24,13.5,13.58,13.34,13.53,861050.0,
2012-08-27,13.52,13.74,13.45,13.72,1833290.0,
2012-08-28,13.62,13.96,13.61,13.87,1421000.0,
2012-08-29,13.85,14.04,13.8,13.88,1388510.0,
2012-08-30,13.77,13.85,13.62,13.74,1323420.0,
2012-08-31,13.8,13.87,13.46,13.49,1479297.0,
2012-09-03,nan,nan,nan,nan,nan,
2012-09-04,13.74,13.88,13.04,13.23,4865154.0,
2012-09-05,13.18,13.42,13.04,13.18,2204680.0,
2012-09-06,13.25,13.7,13.23,13.7,2152802.0,
2012-09-07,13.64,14.19,13.54,14.19,3801172.0,
2012-09-10,14.23,14.24,13.85,13.85,2234181.0,
2012-09-11,13.84,14.01,13.81,13.99,2048070.0,
2012-09-12,14.15,14.21,14.0,14.2,1635244.0,
2012-09-13,14.18,14.69,14.09,14.48,3823690.0,
2012-09-14,14.61,15.62,14.54,15.22,7271572.0,
2012-09-17,15.22,15.49,14.79,14.95,4029518.0,
2012-09-18,15.01,15.39,14.75,15.23,2987813.0,
2012-09-19,15.27,15.32,14.97,15.1,3115813.0,
2012-09-20,15.12,15.12,14.89,15.02,2014922.0,
2012-09-21,15.09,15.34,14.98,15.29,2022898.0,
2012-09-24,15.17,15.2,14.78,14.88,3042305.0,
2012-09-25,14.93,14.98,14.53,14.73,2480927.0,
2012-09-26,14.74,14.75,14.41,14.48,1167771.0,
2012-09-27,14.52,14.71,14.43,14.46,1350455.0,
2012-09-28,14.32,14.42,14.15,14.28,1594315.0,
2012-10-01,14.3,14.65,14.17,14.31,1710188.0,
2012-10-02,14.31,14.46,13.94,14.03,2351798.0,
2012-10-03,14.01,14.19,13.91,14.05,2075667.0,
2012-10-04,14.06,14.48,14.01,14.12,4711441.0,
2012-10-05,14.25,14.47,14.08,14.09,4581680.0,
2012-10-08,14.05,14.46,14.04,14.45,1418498.0,
2012-10-09,14.31,14.49,14.16,14.2,1308343.0,
2012-10-10,14.21,14.34,14.12,14.29,1268176.0,
2012-10-11,14.41,14.76,14.34,14.49,2386851.0,
2012-10-12,14.84,14.95,14.49,14.94,3169766.0,
2012-10-15,15.0,15.15,14.9,15.13,4268839.0,
2012-10-16,15.25,15.44,15.2,15.36,3409116.0,
2012-10-17,15.45,15.46,15.01,15.04,2931139.0,
2012-10-18,15.3,15.73,15.09,15.71,3944286.0,
2012-10-19,15.74,15.84,15.42,15.67,3034083.0,
2012-10-22,15.67,15.81,15.46,15.81,3250831.0,
2012-10-23,15.61,15.69,15.24,15.26,2115688.0,
2012-10-24,15.4,15.4,14.89,14.97,3866938.0,
2012-10-25,15.02,15.47,14.88,15.34,2503924.0,
2012-10-26,15.26,15.45,15.18,15.35,1342561.0,
2012-10-29,nan,nan,nan,nan,nan,
2012-10-30,nan,nan,nan,nan,nan,
2012-10-31,15.34,15.75,15.27,15.36,2803399.0,
2012-11-01,15.39,15.6,15.31,15.59,3974937.0,
2012-11-02,15.7,15.72,15.31,15.34,2027233.0,
2012-11-05,15.28,15.32,15.05,15.19,2557831.0,
2012-11-06,15.26,15.35,15.05,15.16,3815627.0,
2012-11-07,14.83,15.07,14.52,14.81,5382870.0,
2012-11-08,14.82,14.99,14.6,14.61,1834419.0,
2012-11-09,14.5,14.71,14.1,14.54,2820073.0,
2012-11-12,14.51,14.76,14.4,14.5,1724942.0,
2012-11-13,14.19,14.53,14.06,14.36,2210087.0,
2012-11-14,14.36,14.44,13.9,13.98,7320832.0,
2012-11-15,13.99,14.05,13.33,13.52,18008330.0,
2012-11-16,13.62,13.79,13.31,13.63,6603516.0,
2012-11-19,14.08,14.49,13.9,14.35,9665475.0,
2012-11-20,14.34,14.75,14.0,14.7,6732637.0,
2012-11-21,14.72,15.0,14.5,14.8,5942698.0,
2012-11-22,nan,nan,nan,nan,nan,
2012-11-23,15.0,15.0,14.85,14.95,1584275.0,
2012-11-26,14.95,14.96,14.45,14.59,3166167.0,
2012-11-27,14.61,14.74,14.47,14.54,2901272.0,
2012-11-28,14.44,14.62,14.32,14.62,4990887.0,
2012-11-29,14.72,14.84,14.53,14.62,2157803.0,
2012-11-30,14.69,14.85,14.62,14.69,2633873.0,
2012-12-03,14.85,14.99,14.64,14.64,5038687.0,
2012-12-04,14.64,14.7,14.55,14.69,1235695.0,
2012-12-05,14.7,14.81,14.63,14.77,4187666.0,
2012-12-06,14.71,15.0,14.7,14.93,6220806.0,
2012-12-07,15.06,15.18,15.0,15.07,2479180.0,
2012-12-10,15.1,15.18,14.84,14.89,1872267.0,
2012-12-11,14.98,15.02,14.9,15.01,2453790.0,
2012-12-12,15.09,15.18,14.95,15.02,2197038.0,
2012-12-13,15.04,15.08,14.6,14.75,2476359.0,
2012-12-14,14.75,14.84,14.6,14.69,1497993.0,
2012-12-17,14.69,15.09,14.69,15.05,1768168.0,
2012-12-18,15.1,15.19,15.01,15.19,2745259.0,
2012-12-19,15.37,15.47,15.18,15.28,4582605.0,
2012-12-20,15.32,15.43,15.08,15.32,2620662.0,
2012-12-21,15.07,15.35,15.0,15.32,3257153.0,
2012-12-24,15.41,15.5,15.23,15.24,1636841.0,
2012-12-25,nan,nan,nan,nan,nan,
2012-12-26,15.29,15.44,15.18,15.29,1961037.0,
2012-12-27,15.31,15.4,15.15,15.33,3316574.0,
2012-12-28,15.22,15.33,15.22,15.25,1941532.0,
2012-12-31,15.21,15.59,15.2,15.59,2744221.0,
2013-01-01,nan,nan,nan,nan,nan,
2013-01-02,16.03,16.77,15.93,16.19,11037008.0,
2013-01-03,16.08,16.7,16.08,16.16,5365250.0,
2013-01-04,16.2,16.5,16.07,16.46,5401111.0,
2013-01-07,16.51,16.87,16.38,16.76,7793583.0,
2013-01-08,16.71,16.75,16.56,16.68,4673071.0,
2013-01-09,16.7,16.9,16.61,16.7,2250393.0,
2013-01-10,16.87,17.0,16.7,16.88,5267490.0,
2013-01-11,16.92,16.97,16.71,16.86,3397996.0,
2013-01-14,16.9,16.93,16.66,16.9,2713301.0,
2013-01-15,16.89,16.95,16.71,16.87,2784098.0,
2013-01-16,16.9,17.07,16.83,16.93,6416466.0,
2013-01-17,17.1,17.21,17.0,17.15,6654355.0,
2013-01-18,17.26,17.75,17.11,17.73,5366665.0,
2013-01-21,nan,nan,nan,nan,nan,
2013-01-22,17.8,18.0,17.53,17.98,6671422.0,
2013-01-23,18.02,18.08,17.82,18.03,5821822.0,
2013-01-24,17.96,18.29,17.91,18.22,5021885.0,
2013-01-25,18.35,18.42,18.16,18.22,3632104.0,
2013-01-28,18.22,18.23,18.0,18.04,3619198.0,
2013-01-29,17.9,18.23,17.75,18.23,2279613.0,
2013-01-30,18.29,18.41,17.06,17.44,6476964.0,
2013-01-31,18.05,18.95,17.96,18.5,11946433.0,
2013-02-01,18.94,19.25,18.28,19.1,12185432.0,
2013-02-04,19.0,19.01,18.53,18.84,4097056.0,
2013-02-05,18.91,19.24,18.85,18.94,4956547.0,
2013-02-06,18.92,19.0,18.41,18.64,4780418.0,
2013-02-07,18.31,18.47,17.63,17.99,7452827.0,
2013-02-08,18.2,18.44,18.01,18.02,3194356.0,
2013-02-11,18.05,18.34,17.92,18.11,2424894.0,
2013-02-12,18.16,18.95,18.09,18.6,5786582.0,
2013-02-13,18.76,18.76,18.02,18.25,9226076.0,
2013-02-14,18.2,18.69,18.05,18.58,5786994.0,
2013-02-15,18.65,19.34,18.65,19.31,8003997.0,
2013-02-18,nan,nan,nan,nan,nan,
2013-02-19,19.55,19.69,19.03,19.15,7112314.0,
2013-02-20,19.15,19.15,18.57,18.73,5371940.0,
2013-02-21,18.68,18.79,18.14,18.59,5500961.0,
2013-02-22,18.79,19.15,18.61,19.03,5541812.0,
2013-02-25,19.16,19.33,18.51,18.56,6410729.0,
2013-02-26,18.69,18.75,18.21,18.43,4720123.0,
2013-02-27,18.54,18.86,18.45,18.8,4311579.0,
2013-02-28,18.89,19.1,18.75,18.9,4129032.0,
2013-03-01,18.8,18.94,18.62,18.78,3262081.0,
2013-03-04,18.74,18.77,18.55,18.7,5345180.0,
2013-03-05,18.89,19.27,18.81,19.01,8209368.0,
2013-03-06,19.21,19.26,18.81,18.93,4491754.0,
2013-03-07,19.01,19.13,18.89,19.05,3811705.0,
2013-03-08,19.2,19.79,19.15,19.63,6567477.0,
2013-03-11,19.68,20.28,19.56,19.99,6451848.0,
2013-03-12,20.3,20.3,19.86,20.0,6401700.0,
2013-03-13,20.12,20.68,20.08,20.44,8948236.0,
2013-03-14,20.64,20.79,20.45,20.63,6981601.0,
2013-03-15,20.7,21.09,20.6,20.89,6100777.0,
2013-03-18,20.64,20.64,20.0,20.39,6971688.0,
2013-03-19,20.5,20.58,19.94,20.08,3966188.0,
2013-03-20,20.32,20.45,20.11,20.3,4294417.0,
2013-03-21,20.3,20.39,19.9,19.9,2701835.0,
2013-03-22,20.09,20.1,19.58,19.71,6225030.0,
2013-03-25,19.86,19.95,19.45,19.63,3741201.0,
2013-03-26,19.81,20.19,19.72,20.0,4724323.0,
2013-03-27,19.97,20.13,19.67,20.05,2217116.0,
2013-03-28,20.15,20.19,19.5,19.78,3850622.0,
2013-03-29,nan,nan,nan,nan,nan,
2013-04-01,19.85,19.9,19.31,19.38,3384106.0,
2013-04-02,19.49,19.66,19.41,19.45,3332734.0,
2013-04-03,19.57,19.7,18.83,19.1,5301430.0,
2013-04-04,19.04,19.5,18.77,19.42,4817859.0,
2013-04-05,19.01,19.65,18.76,19.5,4338073.0,
2013-04-08,19.5,20.3,19.27,20.27,3707720.0,
2013-04-09,20.16,20.7,19.96,20.39,3478574.0,
2013-04-10,20.5,20.98,20.42,20.91,5166463.0,
2013-04-11,20.95,21.46,20.93,21.1,4474208.0,
2013-04-12,21.1,21.29,20.89,21.22,3269365.0,
2013-04-15,21.29,21.34,19.97,20.49,5927090.0,
2013-04-16,21.07,21.25,20.73,20.92,3439076.0,
2013-04-17,20.59,20.7,20.25,20.43,3758052.0,
2013-04-18,20.78,20.95,19.51,19.98,6430121.0,
2013-04-19,20.5,20.5,19.8,20.04,4765385.0,
2013-04-22,20.14,20.39,20.04,20.16,3658007.0,
2013-04-23,20.29,20.71,20.2,20.27,6018010.0,
2013-04-24,20.34,20.71,20.01,20.58,8851196.0,
2013-04-25,20.42,20.78,20.17,20.6,6259307.0,
2013-04-26,20.48,20.73,20.23,20.26,3099873.0,
2013-04-29,20.42,20.65,20.23,20.46,3800034.0,
2013-04-30,20.46,20.78,20.43,20.55,3462897.0,
2013-05-01,20.47,20.55,20.25,20.35,3084166.0,
2013-05-02,20.52,21.1,20.39,20.78,4757228.0,
2013-05-03,21.21,21.98,21.18,21.75,9107510.0,
2013-05-06,22.12,22.59,22.04,22.49,6486530.0,
2013-05-07,22.99,23.3,22.2,22.21,10878874.0,
2013-05-08,22.43,22.58,22.19,22.45,5956830.0,
2013-05-09,22.45,22.65,21.98,22.0,5506376.0,
2013-05-10,22.07,22.27,21.78,21.95,2417270.0,
2013-05-13,22.18,22.35,22.11,22.2,2937854.0,
2013-05-14,22.27,22.93,22.2,22.53,4934064.0,
2013-05-15,22.51,22.7,22.26,22.64,4977879.0,
2013-05-16,22.86,23.18,22.71,22.94,4889591.0,
2013-05-17,23.17,23.54,23.1,23.45,5476448.0,
2013-05-20,23.52,23.7,23.25,23.42,5608663.0,
2013-05-21,23.54,23.8,23.28,23.33,6505230.0,
2013-05-22,23.32,23.6,21.62,22.38,7577882.0,
2013-05-23,21.38,22.34,21.11,22.25,9419984.0,
2013-05-24,22.01,22.74,22.0,22.65,5155658.0,
2013-05-27,nan,nan,nan,nan,nan,
2013-05-28,23.06,23.28,22.75,23.1,5046180.0,
2013-05-29,23.1,23.2,22.0,22.29,6251143.0,
2013-05-30,22.4,22.62,22.0,22.56,4567432.0,
2013-05-31,22.44,22.62,21.85,21.89,3501478.0,
2013-06-03,22.03,22.3,21.66,21.85,5522829.0,
2013-06-04,21.9,22.19,21.05,21.05,5797030.0,
2013-06-05,21.04,21.31,20.02,20.9,8320671.0,
2013-06-06,20.84,21.26,20.81,21.0,4659374.0,
2013-06-07,21.26,21.94,21.19,21.67,4193722.0,
2013-06-10,21.8,22.12,21.58,21.97,3716957.0,
2013-06-11,21.6,21.79,20.99,21.0,3885853.0,
2013-06-12,21.3,21.42,20.66,20.74,4261205.0,
2013-06-13,20.74,21.2,20.47,21.14,3328844.0,
2013-06-14,21.24,21.57,20.77,20.83,4271915.0,
2013-06-17,21.22,21.79,21.21,21.49,3478883.0,
2013-06-18,21.47,21.68,21.35,21.59,2199381.0,
2013-06-19,21.51,21.75,21.25,21.25,2792253.0,
2013-06-20,21.0,21.08,20.26,20.36,4410959.0,
2013-06-21,20.7,20.78,20.07,20.49,7954413.0,
2013-06-24,20.24,20.24,19.15,19.79,9261466.0,
2013-06-25,20.25,20.72,19.97,20.33,5274143.0,
2013-06-26,20.68,20.8,20.47,20.49,6976978.0,
2013-06-27,20.71,20.98,20.5,20.82,4951635.0,
2013-06-28,20.8,21.1,20.53,21.06,3687700.0,
2013-07-01,21.21,21.5,20.95,20.99,3386158.0,
